df_xc50,df_xc50,df_xc50,df_xc50,df_xc50,df_xc50,df_egeon,df_egeon,df_egeon,df_egeon,df_egeon,df_egeon
Date,Observation Type,Nobs,Jo,Jo/n,Iter,Date,Observation Type,Nobs,Jo,Jo/n,Iter
2026-08-05 06:00:00,surface pressure,108273,32718.50285392664,0.302,OMF,,,,,,
2026-08-05 06:00:00,temperature,27891,5308.949617853201,0.19,OMF,,,,,,
2026-08-05 06:00:00,wind,144428,35457.67185593604,0.246,OMF,,,,,,
2026-08-05 06:00:00,moisture,14892,2001.8758601869713,0.134,OMF,,,,,,
2026-08-05 06:00:00,gps,282895,541965.2775097934,1.916,OMF,,,,,,
2026-08-05 06:00:00,Jo Global,578379,617452.2776976962,1.068,OMF,,,,,,
2026-08-05 06:00:00,surface pressure,108273,32718.50285392664,0.302,OMF (1st INNER LOOP),,,,,,
2026-08-05 06:00:00,temperature,27891,5308.949617853201,0.19,OMF (1st INNER LOOP),,,,,,
2026-08-05 06:00:00,wind,144428,35457.67185593604,0.246,OMF (1st INNER LOOP),,,,,,
2026-08-05 06:00:00,moisture,14892,2001.8758601869713,0.134,OMF (1st INNER LOOP),,,,,,
2026-08-05 06:00:00,gps,282895,541965.2775097934,1.916,OMF (1st INNER LOOP),,,,,,
2026-08-05 06:00:00,Jo Global,578379,617452.2776976962,1.068,OMF (1st INNER LOOP),,,,,,
2026-08-05 06:00:00,surface pressure,108273,15101.692681544871,0.139,OMF (1st INNER LOOP),,,,,,
2026-08-05 06:00:00,temperature,27891,2799.337240614113,0.1,OMF (2nd INNER LOOP),,,,,,
2026-08-05 06:00:00,wind,144428,19758.311056801173,0.137,OMF (2nd INNER LOOP),,,,,,
2026-08-05 06:00:00,moisture,14892,754.7927600217388,0.051,OMF (2nd INNER LOOP),,,,,,
2026-08-05 06:00:00,gps,282895,275305.1986699123,0.973,OMF (2nd INNER LOOP),,,,,,
2026-08-05 06:00:00,Jo Global,578379,313719.3324088942,0.542,OMF (2nd INNER LOOP),,,,,,
2026-08-05 06:00:00,surface pressure,108413,16822.39778591608,0.155,OMF (2nd INNER LOOP),,,,,,
2026-08-05 06:00:00,temperature,27891,2835.974816068524,0.102,OMF (2nd INNER LOOP),,,,,,
2026-08-05 06:00:00,wind,144650,20181.593497494767,0.14,OMA (AFTER 1st OUTER LOOP),,,,,,
2026-08-05 06:00:00,moisture,14892,774.5733011354155,0.052,OMA (AFTER 1st OUTER LOOP),,,,,,
2026-08-05 06:00:00,gps,288237,296159.7683160659,1.027,OMA (AFTER 1st OUTER LOOP),,,,,,
2026-08-05 06:00:00,Jo Global,584083,336774.3077166807,0.577,OMA (AFTER 1st OUTER LOOP),,,,,,
2026-08-05 06:00:00,surface pressure,108413,16822.39778591608,0.155,OMA (AFTER 1st OUTER LOOP),,,,,,
2026-08-05 06:00:00,temperature,27891,2835.974816068524,0.102,OMA (AFTER 1st OUTER LOOP),,,,,,
2026-08-05 06:00:00,wind,144650,20181.593497494767,0.14,OMA (AFTER 1st OUTER LOOP),,,,,,
2026-08-05 06:00:00,moisture,14892,774.5733011354155,0.052,OMA (1st INNER LOOP),,,,,,
2026-08-05 06:00:00,gps,288237,296159.7683160659,1.027,OMA (1st INNER LOOP),,,,,,
2026-08-05 06:00:00,Jo Global,584083,336774.3077166807,0.577,OMA (1st INNER LOOP),,,,,,
2026-08-05 06:00:00,surface pressure,108413,16526.566878122067,0.152,OMA (1st INNER LOOP),,,,,,
2026-08-05 06:00:00,temperature,27891,2841.9314924563378,0.102,OMA (1st INNER LOOP),,,,,,
2026-08-05 06:00:00,wind,144650,20310.78458538071,0.14,OMA (1st INNER LOOP),,,,,,
2026-08-05 06:00:00,moisture,14892,753.0443692153767,0.051,OMA (1st INNER LOOP),,,,,,
2026-08-05 06:00:00,gps,288237,284051.6560745794,0.985,OMA (2nd INNER LOOP),,,,,,
2026-08-05 06:00:00,Jo Global,584083,324483.98339975387,0.556,OMA (2nd INNER LOOP),,,,,,
2026-08-05 06:00:00,surface pressure,108399,16116.581452490344,0.149,OMA (2nd INNER LOOP),,,,,,
2026-08-05 06:00:00,temperature,27891,2847.3469610860693,0.102,OMA (2nd INNER LOOP),,,,,,
2026-08-05 06:00:00,wind,144650,20370.92076445185,0.141,OMA (2nd INNER LOOP),,,,,,
2026-08-05 06:00:00,moisture,14892,761.9741988162225,0.051,OMA (2nd INNER LOOP),,,,,,
2026-08-05 06:00:00,gps,289699,289930.9213110345,1.001,OMA (2nd INNER LOOP),,,,,,
2026-08-05 06:00:00,Jo Global,585531,330027.744687879,0.564,OMA (AFTER 2nd OUTER LOOP),,,,,,
2026-08-05 12:00:00,surface pressure,111872,38538.29039683757,0.344,OMF,,,,,,
2026-08-05 12:00:00,temperature,97083,74860.94646531362,0.771,OMF,,,,,,
2026-08-05 12:00:00,wind,272088,203220.71916088046,0.747,OMF,,,,,,
2026-08-05 12:00:00,moisture,44179,14918.272205721792,0.338,OMF,,,,,,
2026-08-05 12:00:00,gps,286955,547875.2525320611,1.909,OMF,,,,,,
2026-08-05 12:00:00,Jo Global,812177,879413.4807608145,1.083,OMF,,,,,,
2026-08-05 12:00:00,surface pressure,111872,38538.29039683757,0.344,OMF (1st INNER LOOP),,,,,,
2026-08-05 12:00:00,temperature,97083,74860.94646531362,0.771,OMF (1st INNER LOOP),,,,,,
2026-08-05 12:00:00,wind,272088,203220.71916088046,0.747,OMF (1st INNER LOOP),,,,,,
2026-08-05 12:00:00,moisture,44179,14918.272205721792,0.338,OMF (1st INNER LOOP),,,,,,
2026-08-05 12:00:00,gps,286955,547875.2525320611,1.909,OMF (1st INNER LOOP),,,,,,
2026-08-05 12:00:00,Jo Global,812177,879413.4807608145,1.083,OMF (1st INNER LOOP),,,,,,
2026-08-05 12:00:00,surface pressure,111872,15740.672147065761,0.141,OMF (1st INNER LOOP),,,,,,
2026-08-05 12:00:00,temperature,97083,30974.12116761599,0.319,OMF (2nd INNER LOOP),,,,,,
2026-08-05 12:00:00,wind,272088,99332.2152390414,0.365,OMF (2nd INNER LOOP),,,,,,
2026-08-05 12:00:00,moisture,44179,4862.739357011181,0.11,OMF (2nd INNER LOOP),,,,,,
2026-08-05 12:00:00,gps,286955,276477.09549158614,0.963,OMF (2nd INNER LOOP),,,,,,
2026-08-05 12:00:00,Jo Global,812177,427386.84340232046,0.526,OMF (2nd INNER LOOP),,,,,,
2026-08-05 12:00:00,surface pressure,111996,16980.347192011093,0.152,OMF (2nd INNER LOOP),,,,,,
2026-08-05 12:00:00,temperature,97083,31375.015926185566,0.323,OMF (2nd INNER LOOP),,,,,,
2026-08-05 12:00:00,wind,272274,101256.21661731512,0.372,OMA (AFTER 1st OUTER LOOP),,,,,,
2026-08-05 12:00:00,moisture,44179,4975.429298261799,0.113,OMA (AFTER 1st OUTER LOOP),,,,,,
2026-08-05 12:00:00,gps,292513,297473.2791136675,1.017,OMA (AFTER 1st OUTER LOOP),,,,,,
2026-08-05 12:00:00,Jo Global,818045,452060.28814744105,0.553,OMA (AFTER 1st OUTER LOOP),,,,,,
2026-08-05 12:00:00,surface pressure,111996,16980.347192011093,0.152,OMA (AFTER 1st OUTER LOOP),,,,,,
2026-08-05 12:00:00,temperature,97083,31375.015926185566,0.323,OMA (AFTER 1st OUTER LOOP),,,,,,
2026-08-05 12:00:00,wind,272274,101256.21661731512,0.372,OMA (AFTER 1st OUTER LOOP),,,,,,
2026-08-05 12:00:00,moisture,44179,4975.429298261799,0.113,OMA (1st INNER LOOP),,,,,,
2026-08-05 12:00:00,gps,292513,297473.2791136675,1.017,OMA (1st INNER LOOP),,,,,,
2026-08-05 12:00:00,Jo Global,818045,452060.28814744105,0.553,OMA (1st INNER LOOP),,,,,,
2026-08-05 12:00:00,surface pressure,111996,16583.801488058154,0.148,OMA (1st INNER LOOP),,,,,,
2026-08-05 12:00:00,temperature,97083,31762.721423740775,0.327,OMA (1st INNER LOOP),,,,,,
2026-08-05 12:00:00,wind,272274,102016.22192044367,0.375,OMA (1st INNER LOOP),,,,,,
2026-08-05 12:00:00,moisture,44179,5214.452922858442,0.118,OMA (1st INNER LOOP),,,,,,
2026-08-05 12:00:00,gps,292513,285105.2815413942,0.975,OMA (2nd INNER LOOP),,,,,,
2026-08-05 12:00:00,Jo Global,818045,440682.47929649526,0.539,OMA (2nd INNER LOOP),,,,,,
2026-08-05 12:00:00,surface pressure,111967,16172.356178056942,0.144,OMA (2nd INNER LOOP),,,,,,
2026-08-05 12:00:00,temperature,97079,31729.605744717446,0.327,OMA (2nd INNER LOOP),,,,,,
2026-08-05 12:00:00,wind,272258,101513.81063557226,0.373,OMA (2nd INNER LOOP),,,,,,
2026-08-05 12:00:00,moisture,44179,5232.094540059191,0.118,OMA (2nd INNER LOOP),,,,,,
2026-08-05 12:00:00,gps,293937,289809.630759483,0.986,OMA (2nd INNER LOOP),,,,,,
2026-08-05 12:00:00,Jo Global,819420,444457.49785788887,0.542,OMA (AFTER 2nd OUTER LOOP),,,,,,
2026-08-05 18:00:00,surface pressure,109205,40513.508144619096,0.371,OMF,,,,,,
2026-08-05 18:00:00,temperature,33021,8813.802555983902,0.267,OMF,,,,,,
2026-08-05 18:00:00,wind,146238,42950.48656239497,0.294,OMF,,,,,,
2026-08-05 18:00:00,moisture,16866,3143.386909345949,0.186,OMF,,,,,,
2026-08-05 18:00:00,gps,293011,545155.3785191999,1.861,OMF,,,,,,
2026-08-05 18:00:00,Jo Global,598341,640576.5626915438,1.071,OMF,,,,,,
2026-08-05 18:00:00,surface pressure,109205,40513.508144619096,0.371,OMF (1st INNER LOOP),,,,,,
2026-08-05 18:00:00,temperature,33021,8813.802555983902,0.267,OMF (1st INNER LOOP),,,,,,
2026-08-05 18:00:00,wind,146238,42950.48656239497,0.294,OMF (1st INNER LOOP),,,,,,
2026-08-05 18:00:00,moisture,16866,3143.386909345949,0.186,OMF (1st INNER LOOP),,,,,,
2026-08-05 18:00:00,gps,293011,545155.3785191999,1.861,OMF (1st INNER LOOP),,,,,,
2026-08-05 18:00:00,Jo Global,598341,640576.5626915438,1.071,OMF (1st INNER LOOP),,,,,,
2026-08-05 18:00:00,surface pressure,109205,15288.682806747896,0.14,OMF (1st INNER LOOP),,,,,,
2026-08-05 18:00:00,temperature,33021,4288.849723970591,0.13,OMF (2nd INNER LOOP),,,,,,
2026-08-05 18:00:00,wind,146238,24480.153339112032,0.167,OMF (2nd INNER LOOP),,,,,,
2026-08-05 18:00:00,moisture,16866,987.0501874697866,0.059,OMF (2nd INNER LOOP),,,,,,
2026-08-05 18:00:00,gps,293011,274183.56983321626,0.936,OMF (2nd INNER LOOP),,,,,,
2026-08-05 18:00:00,Jo Global,598341,319228.30589051655,0.534,OMF (2nd INNER LOOP),,,,,,
2026-08-05 18:00:00,surface pressure,109456,17237.79750530538,0.157,OMF (2nd INNER LOOP),,,,,,
2026-08-05 18:00:00,temperature,33020,4827.298417020415,0.146,OMF (2nd INNER LOOP),,,,,,
2026-08-05 18:00:00,wind,146304,24700.37841901462,0.169,OMA (AFTER 1st OUTER LOOP),,,,,,
2026-08-05 18:00:00,moisture,16866,1041.9161175845518,0.062,OMA (AFTER 1st OUTER LOOP),,,,,,
2026-08-05 18:00:00,gps,298504,295945.3280010812,0.991,OMA (AFTER 1st OUTER LOOP),,,,,,
2026-08-05 18:00:00,Jo Global,604150,343752.7184600062,0.569,OMA (AFTER 1st OUTER LOOP),,,,,,
2026-08-05 18:00:00,surface pressure,109456,17237.79750530538,0.157,OMA (AFTER 1st OUTER LOOP),,,,,,
2026-08-05 18:00:00,temperature,33020,4827.298417020415,0.146,OMA (AFTER 1st OUTER LOOP),,,,,,
2026-08-05 18:00:00,wind,146304,24700.37841901462,0.169,OMA (AFTER 1st OUTER LOOP),,,,,,
2026-08-05 18:00:00,moisture,16866,1041.9161175845518,0.062,OMA (1st INNER LOOP),,,,,,
2026-08-05 18:00:00,gps,298504,295945.3280010812,0.991,OMA (1st INNER LOOP),,,,,,
2026-08-05 18:00:00,Jo Global,604150,343752.7184600062,0.569,OMA (1st INNER LOOP),,,,,,
2026-08-05 18:00:00,surface pressure,109456,16616.414280510242,0.152,OMA (1st INNER LOOP),,,,,,
2026-08-05 18:00:00,temperature,33020,4806.758522808953,0.146,OMA (1st INNER LOOP),,,,,,
2026-08-05 18:00:00,wind,146304,24778.880261622176,0.169,OMA (1st INNER LOOP),,,,,,
2026-08-05 18:00:00,moisture,16866,996.976417252205,0.059,OMA (1st INNER LOOP),,,,,,
2026-08-05 18:00:00,gps,298504,282319.80747129966,0.946,OMA (2nd INNER LOOP),,,,,,
2026-08-05 18:00:00,Jo Global,604150,329518.83695349324,0.545,OMA (2nd INNER LOOP),,,,,,
2026-08-05 18:00:00,surface pressure,109425,16046.375614874934,0.147,OMA (2nd INNER LOOP),,,,,,
2026-08-05 18:00:00,temperature,33020,4840.016875328667,0.147,OMA (2nd INNER LOOP),,,,,,
2026-08-05 18:00:00,wind,146306,24710.365755877592,0.169,OMA (2nd INNER LOOP),,,,,,
2026-08-05 18:00:00,moisture,16866,1003.008609610188,0.059,OMA (2nd INNER LOOP),,,,,,
2026-08-05 18:00:00,gps,299991,287656.5102943934,0.959,OMA (2nd INNER LOOP),,,,,,
2026-08-05 18:00:00,Jo Global,605608,334256.2771500848,0.552,OMA (AFTER 2nd OUTER LOOP),,,,,,
2026-08-06 00:00:00,surface pressure,108857,33573.292006713826,0.308,OMF,,,,,,
2026-08-06 00:00:00,temperature,109199,76646.76212535135,0.702,OMF,,,,,,
2026-08-06 00:00:00,wind,315756,226736.94231203172,0.718,OMF,,,,,,
2026-08-06 00:00:00,moisture,47699,13923.672273047236,0.292,OMF,,,,,,
2026-08-06 00:00:00,gps,290796,569383.6481580591,1.958,OMF,,,,,,
2026-08-06 00:00:00,Jo Global,872307,920264.3168752033,1.055,OMF,,,,,,
2026-08-06 00:00:00,surface pressure,108857,33573.292006713826,0.308,OMF (1st INNER LOOP),,,,,,
2026-08-06 00:00:00,temperature,109199,76646.76212535135,0.702,OMF (1st INNER LOOP),,,,,,
2026-08-06 00:00:00,wind,315756,226736.94231203172,0.718,OMF (1st INNER LOOP),,,,,,
2026-08-06 00:00:00,moisture,47699,13923.672273047236,0.292,OMF (1st INNER LOOP),,,,,,
2026-08-06 00:00:00,gps,290796,569383.6481580591,1.958,OMF (1st INNER LOOP),,,,,,
2026-08-06 00:00:00,Jo Global,872307,920264.3168752033,1.055,OMF (1st INNER LOOP),,,,,,
2026-08-06 00:00:00,surface pressure,108857,15494.1808614246,0.142,OMF (1st INNER LOOP),,,,,,
2026-08-06 00:00:00,temperature,109199,36521.45003248492,0.334,OMF (2nd INNER LOOP),,,,,,
2026-08-06 00:00:00,wind,315756,113812.07033750213,0.36,OMF (2nd INNER LOOP),,,,,,
2026-08-06 00:00:00,moisture,47699,4862.20730383121,0.102,OMF (2nd INNER LOOP),,,,,,
2026-08-06 00:00:00,gps,290796,293260.26898898394,1.008,OMF (2nd INNER LOOP),,,,,,
2026-08-06 00:00:00,Jo Global,872307,463950.1775242268,0.532,OMF (2nd INNER LOOP),,,,,,
2026-08-06 00:00:00,surface pressure,109072,17105.689045606337,0.157,OMF (2nd INNER LOOP),,,,,,
2026-08-06 00:00:00,temperature,109205,36875.38467575992,0.338,OMF (2nd INNER LOOP),,,,,,
2026-08-06 00:00:00,wind,316154,117067.61932922283,0.37,OMA (AFTER 1st OUTER LOOP),,,,,,
2026-08-06 00:00:00,moisture,47699,4849.7927922946565,0.102,OMA (AFTER 1st OUTER LOOP),,,,,,
2026-08-06 00:00:00,gps,296405,315179.60153820337,1.063,OMA (AFTER 1st OUTER LOOP),,,,,,
2026-08-06 00:00:00,Jo Global,878535,491078.0873810871,0.559,OMA (AFTER 1st OUTER LOOP),,,,,,
2026-08-06 00:00:00,surface pressure,109072,17105.689045606337,0.157,OMA (AFTER 1st OUTER LOOP),,,,,,
2026-08-06 00:00:00,temperature,109205,36875.38467575992,0.338,OMA (AFTER 1st OUTER LOOP),,,,,,
2026-08-06 00:00:00,wind,316154,117067.61932922283,0.37,OMA (AFTER 1st OUTER LOOP),,,,,,
2026-08-06 00:00:00,moisture,47699,4849.7927922946565,0.102,OMA (1st INNER LOOP),,,,,,
2026-08-06 00:00:00,gps,296405,315179.60153820337,1.063,OMA (1st INNER LOOP),,,,,,
2026-08-06 00:00:00,Jo Global,878535,491078.0873810871,0.559,OMA (1st INNER LOOP),,,,,,
2026-08-06 00:00:00,surface pressure,109072,16898.094799053408,0.155,OMA (1st INNER LOOP),,,,,,
2026-08-06 00:00:00,temperature,109205,37335.21620935125,0.342,OMA (1st INNER LOOP),,,,,,
2026-08-06 00:00:00,wind,316154,117777.98229423078,0.373,OMA (1st INNER LOOP),,,,,,
2026-08-06 00:00:00,moisture,47699,4748.187608817694,0.1,OMA (1st INNER LOOP),,,,,,
2026-08-06 00:00:00,gps,296405,301848.91720611136,1.018,OMA (2nd INNER LOOP),,,,,,
2026-08-06 00:00:00,Jo Global,878535,478608.3981175645,0.545,OMA (2nd INNER LOOP),,,,,,
2026-08-06 00:00:00,surface pressure,109067,16463.655930271245,0.151,OMA (2nd INNER LOOP),,,,,,
2026-08-06 00:00:00,temperature,109204,37244.96248131381,0.341,OMA (2nd INNER LOOP),,,,,,
2026-08-06 00:00:00,wind,316158,116843.26078375723,0.37,OMA (2nd INNER LOOP),,,,,,
2026-08-06 00:00:00,moisture,47699,4793.2156166442555,0.1,OMA (2nd INNER LOOP),,,,,,
2026-08-06 00:00:00,gps,297939,307844.1149742291,1.033,OMA (2nd INNER LOOP),,,,,,
2026-08-06 00:00:00,Jo Global,880067,483189.20978621556,0.549,OMA (AFTER 2nd OUTER LOOP),,,,,,
2026-08-06 06:00:00,surface pressure,109483,33224.22030647424,0.303,OMF,,,,,,
2026-08-06 06:00:00,temperature,30319,5556.387089223624,0.183,OMF,,,,,,
2026-08-06 06:00:00,wind,146108,38454.8711828048,0.263,OMF,,,,,,
2026-08-06 06:00:00,moisture,15332,1974.0180927919894,0.129,OMF,,,,,,
2026-08-06 06:00:00,gps,264558,506878.3819367099,1.916,OMF,,,,,,
2026-08-06 06:00:00,Jo Global,565800,586087.8786080047,1.036,OMF,,,,,,
2026-08-06 06:00:00,surface pressure,109483,33224.22030647424,0.303,OMF (1st INNER LOOP),,,,,,
2026-08-06 06:00:00,temperature,30319,5556.387089223624,0.183,OMF (1st INNER LOOP),,,,,,
2026-08-06 06:00:00,wind,146108,38454.8711828048,0.263,OMF (1st INNER LOOP),,,,,,
2026-08-06 06:00:00,moisture,15332,1974.0180927919894,0.129,OMF (1st INNER LOOP),,,,,,
2026-08-06 06:00:00,gps,264558,506878.3819367099,1.916,OMF (1st INNER LOOP),,,,,,
2026-08-06 06:00:00,Jo Global,565800,586087.8786080047,1.036,OMF (1st INNER LOOP),,,,,,
2026-08-06 06:00:00,surface pressure,109483,15929.91506614953,0.146,OMF (1st INNER LOOP),,,,,,
2026-08-06 06:00:00,temperature,30319,3103.8561020402544,0.102,OMF (2nd INNER LOOP),,,,,,
2026-08-06 06:00:00,wind,146108,20687.229894832668,0.142,OMF (2nd INNER LOOP),,,,,,
2026-08-06 06:00:00,moisture,15332,819.6083128101171,0.053,OMF (2nd INNER LOOP),,,,,,
2026-08-06 06:00:00,gps,264558,256495.93589400558,0.97,OMF (2nd INNER LOOP),,,,,,
2026-08-06 06:00:00,Jo Global,565800,297036.5452698381,0.525,OMF (2nd INNER LOOP),,,,,,
2026-08-06 06:00:00,surface pressure,109685,17689.51161216471,0.161,OMF (2nd INNER LOOP),,,,,,
2026-08-06 06:00:00,temperature,30314,3190.772527906594,0.105,OMF (2nd INNER LOOP),,,,,,
2026-08-06 06:00:00,wind,146308,21347.40720360447,0.146,OMA (AFTER 1st OUTER LOOP),,,,,,
2026-08-06 06:00:00,moisture,15332,820.175300030036,0.053,OMA (AFTER 1st OUTER LOOP),,,,,,
2026-08-06 06:00:00,gps,269433,277045.9222546412,1.028,OMA (AFTER 1st OUTER LOOP),,,,,,
2026-08-06 06:00:00,Jo Global,571072,320093.788898347,0.561,OMA (AFTER 1st OUTER LOOP),,,,,,
2026-08-06 06:00:00,surface pressure,109685,17689.51161216471,0.161,OMA (AFTER 1st OUTER LOOP),,,,,,
2026-08-06 06:00:00,temperature,30314,3190.772527906594,0.105,OMA (AFTER 1st OUTER LOOP),,,,,,
2026-08-06 06:00:00,wind,146308,21347.40720360447,0.146,OMA (AFTER 1st OUTER LOOP),,,,,,
2026-08-06 06:00:00,moisture,15332,820.175300030036,0.053,OMA (1st INNER LOOP),,,,,,
2026-08-06 06:00:00,gps,269433,277045.9222546412,1.028,OMA (1st INNER LOOP),,,,,,
2026-08-06 06:00:00,Jo Global,571072,320093.788898347,0.561,OMA (1st INNER LOOP),,,,,,
2026-08-06 06:00:00,surface pressure,109685,17304.760803192486,0.158,OMA (1st INNER LOOP),,,,,,
2026-08-06 06:00:00,temperature,30314,3169.451250249901,0.105,OMA (1st INNER LOOP),,,,,,
2026-08-06 06:00:00,wind,146308,21524.72264119725,0.147,OMA (1st INNER LOOP),,,,,,
2026-08-06 06:00:00,moisture,15332,810.3391458118006,0.053,OMA (1st INNER LOOP),,,,,,
2026-08-06 06:00:00,gps,269433,265446.8950153896,0.985,OMA (2nd INNER LOOP),,,,,,
2026-08-06 06:00:00,Jo Global,571072,308256.16885584104,0.54,OMA (2nd INNER LOOP),,,,,,
2026-08-06 06:00:00,surface pressure,109670,16948.858638774112,0.155,OMA (2nd INNER LOOP),,,,,,
2026-08-06 06:00:00,temperature,30313,3169.0308410865982,0.105,OMA (2nd INNER LOOP),,,,,,
2026-08-06 06:00:00,wind,146302,21514.109594780366,0.147,OMA (2nd INNER LOOP),,,,,,
2026-08-06 06:00:00,moisture,15332,814.9508790985295,0.053,OMA (2nd INNER LOOP),,,,,,
2026-08-06 06:00:00,gps,270770,271519.0540494379,1.003,OMA (2nd INNER LOOP),,,,,,
2026-08-06 06:00:00,Jo Global,572387,313966.0040031776,0.549,OMA (AFTER 2nd OUTER LOOP),,,,,,
2026-08-06 12:00:00,surface pressure,113256,37891.742619376295,0.335,OMF,,,,,,
2026-08-06 12:00:00,temperature,153529,85960.64626005717,0.56,OMF,,,,,,
2026-08-06 12:00:00,wind,378526,258143.85819341545,0.682,OMF,,,,,,
2026-08-06 12:00:00,moisture,74986,17966.76482448488,0.24,OMF,,,,,,
2026-08-06 12:00:00,gps,282572,562220.4069286393,1.99,OMF,,,,,,
2026-08-06 12:00:00,Jo Global,1002869,962183.4188259732,0.959,OMF,,,,,,
2026-08-06 12:00:00,surface pressure,113256,37891.742619376295,0.335,OMF (1st INNER LOOP),,,,,,
2026-08-06 12:00:00,temperature,153529,85960.64626005717,0.56,OMF (1st INNER LOOP),,,,,,
2026-08-06 12:00:00,wind,378526,258143.85819341545,0.682,OMF (1st INNER LOOP),,,,,,
2026-08-06 12:00:00,moisture,74986,17966.76482448488,0.24,OMF (1st INNER LOOP),,,,,,
2026-08-06 12:00:00,gps,282572,562220.4069286393,1.99,OMF (1st INNER LOOP),,,,,,
2026-08-06 12:00:00,Jo Global,1002869,962183.4188259732,0.959,OMF (1st INNER LOOP),,,,,,
2026-08-06 12:00:00,surface pressure,113256,16730.676568003215,0.148,OMF (1st INNER LOOP),,,,,,
2026-08-06 12:00:00,temperature,153529,35331.49742218068,0.23,OMF (2nd INNER LOOP),,,,,,
2026-08-06 12:00:00,wind,378526,116836.78117220865,0.309,OMF (2nd INNER LOOP),,,,,,
2026-08-06 12:00:00,moisture,74986,5218.72002128949,0.07,OMF (2nd INNER LOOP),,,,,,
2026-08-06 12:00:00,gps,282572,293568.99671056145,1.039,OMF (2nd INNER LOOP),,,,,,
2026-08-06 12:00:00,Jo Global,1002869,467686.67189424345,0.466,OMF (2nd INNER LOOP),,,,,,
2026-08-06 12:00:00,surface pressure,113574,18770.341755061338,0.165,OMF (2nd INNER LOOP),,,,,,
2026-08-06 12:00:00,temperature,153530,35542.41430860017,0.232,OMF (2nd INNER LOOP),,,,,,
2026-08-06 12:00:00,wind,378898,120924.70970396901,0.319,OMA (AFTER 1st OUTER LOOP),,,,,,
2026-08-06 12:00:00,moisture,74986,5296.604442492057,0.071,OMA (AFTER 1st OUTER LOOP),,,,,,
2026-08-06 12:00:00,gps,288145,318118.3035362383,1.104,OMA (AFTER 1st OUTER LOOP),,,,,,
2026-08-06 12:00:00,Jo Global,1009133,498652.3737463609,0.494,OMA (AFTER 1st OUTER LOOP),,,,,,
2026-08-06 12:00:00,surface pressure,113574,18770.341755061338,0.165,OMA (AFTER 1st OUTER LOOP),,,,,,
2026-08-06 12:00:00,temperature,153530,35542.41430860017,0.232,OMA (AFTER 1st OUTER LOOP),,,,,,
2026-08-06 12:00:00,wind,378898,120924.70970396901,0.319,OMA (AFTER 1st OUTER LOOP),,,,,,
2026-08-06 12:00:00,moisture,74986,5296.604442492057,0.071,OMA (1st INNER LOOP),,,,,,
2026-08-06 12:00:00,gps,288145,318118.3035362383,1.104,OMA (1st INNER LOOP),,,,,,
2026-08-06 12:00:00,Jo Global,1009133,498652.3737463609,0.494,OMA (1st INNER LOOP),,,,,,
2026-08-06 12:00:00,surface pressure,113574,18043.69471287452,0.159,OMA (1st INNER LOOP),,,,,,
2026-08-06 12:00:00,temperature,153530,35968.3763565025,0.234,OMA (1st INNER LOOP),,,,,,
2026-08-06 12:00:00,wind,378898,119531.92361908982,0.315,OMA (1st INNER LOOP),,,,,,
2026-08-06 12:00:00,moisture,74986,5070.0377339640145,0.068,OMA (1st INNER LOOP),,,,,,
2026-08-06 12:00:00,gps,288145,301892.01696581556,1.048,OMA (2nd INNER LOOP),,,,,,
2026-08-06 12:00:00,Jo Global,1009133,480506.0493882464,0.476,OMA (2nd INNER LOOP),,,,,,
2026-08-06 12:00:00,surface pressure,113574,18018.47534454337,0.159,OMA (2nd INNER LOOP),,,,,,
2026-08-06 12:00:00,temperature,153528,35872.932336334416,0.234,OMA (2nd INNER LOOP),,,,,,
2026-08-06 12:00:00,wind,378916,119337.80238544918,0.315,OMA (2nd INNER LOOP),,,,,,
2026-08-06 12:00:00,moisture,74986,5093.998462979418,0.068,OMA (2nd INNER LOOP),,,,,,
2026-08-06 12:00:00,gps,289577,307646.8642745102,1.062,OMA (2nd INNER LOOP),,,,,,
2026-08-06 12:00:00,Jo Global,1010581,485970.0728038166,0.481,OMA (AFTER 2nd OUTER LOOP),,,,,,
2026-08-06 18:00:00,surface pressure,109967,39074.871101568286,0.355,OMF,,,,,,
2026-08-06 18:00:00,temperature,34584,10278.487199805684,0.297,OMF,,,,,,
2026-08-06 18:00:00,wind,144498,46891.861309180356,0.325,OMF,,,,,,
2026-08-06 18:00:00,moisture,17297,3304.515295791795,0.191,OMF,,,,,,
2026-08-06 18:00:00,gps,272363,526983.9057086074,1.935,OMF,,,,,,
2026-08-06 18:00:00,Jo Global,578709,626533.6406149536,1.083,OMF,,,,,,
2026-08-06 18:00:00,surface pressure,109967,39074.871101568286,0.355,OMF (1st INNER LOOP),,,,,,
2026-08-06 18:00:00,temperature,34584,10278.487199805684,0.297,OMF (1st INNER LOOP),,,,,,
2026-08-06 18:00:00,wind,144498,46891.861309180356,0.325,OMF (1st INNER LOOP),,,,,,
2026-08-06 18:00:00,moisture,17297,3304.515295791795,0.191,OMF (1st INNER LOOP),,,,,,
2026-08-06 18:00:00,gps,272363,526983.9057086074,1.935,OMF (1st INNER LOOP),,,,,,
2026-08-06 18:00:00,Jo Global,578709,626533.6406149536,1.083,OMF (1st INNER LOOP),,,,,,
2026-08-06 18:00:00,surface pressure,109967,16254.248100861032,0.148,OMF (1st INNER LOOP),,,,,,
2026-08-06 18:00:00,temperature,34584,5023.059668561973,0.145,OMF (2nd INNER LOOP),,,,,,
2026-08-06 18:00:00,wind,144498,26195.68190711312,0.181,OMF (2nd INNER LOOP),,,,,,
2026-08-06 18:00:00,moisture,17297,1026.295713981173,0.059,OMF (2nd INNER LOOP),,,,,,
2026-08-06 18:00:00,gps,272363,266948.4837532483,0.98,OMF (2nd INNER LOOP),,,,,,
2026-08-06 18:00:00,Jo Global,578709,315447.76914376556,0.545,OMF (2nd INNER LOOP),,,,,,
2026-08-06 18:00:00,surface pressure,110309,18199.514148035778,0.165,OMF (2nd INNER LOOP),,,,,,
2026-08-06 18:00:00,temperature,34584,5587.743350524303,0.162,OMF (2nd INNER LOOP),,,,,,
2026-08-06 18:00:00,wind,144628,26585.624257855303,0.184,OMA (AFTER 1st OUTER LOOP),,,,,,
2026-08-06 18:00:00,moisture,17297,1085.7642431249808,0.063,OMA (AFTER 1st OUTER LOOP),,,,,,
2026-08-06 18:00:00,gps,277463,288358.4003818366,1.039,OMA (AFTER 1st OUTER LOOP),,,,,,
2026-08-06 18:00:00,Jo Global,584281,339817.0463813769,0.582,OMA (AFTER 1st OUTER LOOP),,,,,,
2026-08-06 18:00:00,surface pressure,110309,18199.514148035778,0.165,OMA (AFTER 1st OUTER LOOP),,,,,,
2026-08-06 18:00:00,temperature,34584,5587.743350524303,0.162,OMA (AFTER 1st OUTER LOOP),,,,,,
2026-08-06 18:00:00,wind,144628,26585.624257855303,0.184,OMA (AFTER 1st OUTER LOOP),,,,,,
2026-08-06 18:00:00,moisture,17297,1085.7642431249808,0.063,OMA (1st INNER LOOP),,,,,,
2026-08-06 18:00:00,gps,277463,288358.4003818366,1.039,OMA (1st INNER LOOP),,,,,,
2026-08-06 18:00:00,Jo Global,584281,339817.0463813769,0.582,OMA (1st INNER LOOP),,,,,,
2026-08-06 18:00:00,surface pressure,110309,17308.20446013353,0.157,OMA (1st INNER LOOP),,,,,,
2026-08-06 18:00:00,temperature,34584,5496.66144456336,0.159,OMA (1st INNER LOOP),,,,,,
2026-08-06 18:00:00,wind,144628,26668.63092175346,0.184,OMA (1st INNER LOOP),,,,,,
2026-08-06 18:00:00,moisture,17297,1055.8003699125807,0.061,OMA (1st INNER LOOP),,,,,,
2026-08-06 18:00:00,gps,277463,275191.622211283,0.992,OMA (2nd INNER LOOP),,,,,,
2026-08-06 18:00:00,Jo Global,584281,325720.91940764594,0.557,OMA (2nd INNER LOOP),,,,,,
2026-08-06 18:00:00,surface pressure,110344,17237.41592907205,0.156,OMA (2nd INNER LOOP),,,,,,
2026-08-06 18:00:00,temperature,34584,5520.437622404027,0.16,OMA (2nd INNER LOOP),,,,,,
2026-08-06 18:00:00,wind,144634,26636.939322281243,0.184,OMA (2nd INNER LOOP),,,,,,
2026-08-06 18:00:00,moisture,17297,1075.410229307689,0.062,OMA (2nd INNER LOOP),,,,,,
2026-08-06 18:00:00,gps,278779,280911.4452881822,1.008,OMA (2nd INNER LOOP),,,,,,
2026-08-06 18:00:00,Jo Global,585638,331381.6483912472,0.566,OMA (AFTER 2nd OUTER LOOP),,,,,,
2026-08-07 00:00:00,surface pressure,108784,37238.30659982289,0.342,OMF,,,,,,
2026-08-07 00:00:00,temperature,105999,80221.22294900496,0.757,OMF,,,,,,
2026-08-07 00:00:00,wind,294820,224773.33576613932,0.762,OMF,,,,,,
2026-08-07 00:00:00,moisture,47218,14129.603516561474,0.299,OMF,,,,,,
2026-08-07 00:00:00,gps,291519,576939.7966762462,1.979,OMF,,,,,,
2026-08-07 00:00:00,Jo Global,848340,933302.2655077749,1.1,OMF,,,,,,
2026-08-07 00:00:00,surface pressure,108784,37238.30659982289,0.342,OMF (1st INNER LOOP),,,,,,
2026-08-07 00:00:00,temperature,105999,80221.22294900496,0.757,OMF (1st INNER LOOP),,,,,,
2026-08-07 00:00:00,wind,294820,224773.33576613932,0.762,OMF (1st INNER LOOP),,,,,,
2026-08-07 00:00:00,moisture,47218,14129.603516561474,0.299,OMF (1st INNER LOOP),,,,,,
2026-08-07 00:00:00,gps,291519,576939.7966762462,1.979,OMF (1st INNER LOOP),,,,,,
2026-08-07 00:00:00,Jo Global,848340,933302.2655077749,1.1,OMF (1st INNER LOOP),,,,,,
2026-08-07 00:00:00,surface pressure,108784,16275.805501315148,0.15,OMF (1st INNER LOOP),,,,,,
2026-08-07 00:00:00,temperature,105999,37098.74756808909,0.35,OMF (2nd INNER LOOP),,,,,,
2026-08-07 00:00:00,wind,294820,111611.06300537221,0.379,OMF (2nd INNER LOOP),,,,,,
2026-08-07 00:00:00,moisture,47218,4669.75154891604,0.099,OMF (2nd INNER LOOP),,,,,,
2026-08-07 00:00:00,gps,291519,303925.2597490731,1.043,OMF (2nd INNER LOOP),,,,,,
2026-08-07 00:00:00,Jo Global,848340,473580.62737276556,0.558,OMF (2nd INNER LOOP),,,,,,
2026-08-07 00:00:00,surface pressure,109014,18394.110224982975,0.169,OMF (2nd INNER LOOP),,,,,,
2026-08-07 00:00:00,temperature,106009,37968.85520222431,0.358,OMF (2nd INNER LOOP),,,,,,
2026-08-07 00:00:00,wind,295176,114115.70704389406,0.387,OMA (AFTER 1st OUTER LOOP),,,,,,
2026-08-07 00:00:00,moisture,47218,4667.431782839934,0.099,OMA (AFTER 1st OUTER LOOP),,,,,,
2026-08-07 00:00:00,gps,297314,327340.0459616443,1.101,OMA (AFTER 1st OUTER LOOP),,,,,,
2026-08-07 00:00:00,Jo Global,854731,502486.1502155856,0.588,OMA (AFTER 1st OUTER LOOP),,,,,,
2026-08-07 00:00:00,surface pressure,109014,18394.110224982975,0.169,OMA (AFTER 1st OUTER LOOP),,,,,,
2026-08-07 00:00:00,temperature,106009,37968.85520222431,0.358,OMA (AFTER 1st OUTER LOOP),,,,,,
2026-08-07 00:00:00,wind,295176,114115.70704389406,0.387,OMA (AFTER 1st OUTER LOOP),,,,,,
2026-08-07 00:00:00,moisture,47218,4667.431782839934,0.099,OMA (1st INNER LOOP),,,,,,
2026-08-07 00:00:00,gps,297314,327340.0459616443,1.101,OMA (1st INNER LOOP),,,,,,
2026-08-07 00:00:00,Jo Global,854731,502486.1502155856,0.588,OMA (1st INNER LOOP),,,,,,
2026-08-07 00:00:00,surface pressure,109014,17555.14940243113,0.161,OMA (1st INNER LOOP),,,,,,
2026-08-07 00:00:00,temperature,106009,38390.28837027736,0.362,OMA (1st INNER LOOP),,,,,,
2026-08-07 00:00:00,wind,295176,114530.4606291973,0.388,OMA (1st INNER LOOP),,,,,,
2026-08-07 00:00:00,moisture,47218,4558.412865938469,0.097,OMA (1st INNER LOOP),,,,,,
2026-08-07 00:00:00,gps,297314,313277.86004095187,1.054,OMA (2nd INNER LOOP),,,,,,
2026-08-07 00:00:00,Jo Global,854731,488312.1713087961,0.571,OMA (2nd INNER LOOP),,,,,,
2026-08-07 00:00:00,surface pressure,109020,17420.06942173038,0.16,OMA (2nd INNER LOOP),,,,,,
2026-08-07 00:00:00,temperature,106008,38245.29277675269,0.361,OMA (2nd INNER LOOP),,,,,,
2026-08-07 00:00:00,wind,295210,114284.75652401605,0.387,OMA (2nd INNER LOOP),,,,,,
2026-08-07 00:00:00,moisture,47218,4580.110048831634,0.097,OMA (2nd INNER LOOP),,,,,,
2026-08-07 00:00:00,gps,298943,319269.44565623143,1.068,OMA (2nd INNER LOOP),,,,,,
2026-08-07 00:00:00,Jo Global,856399,493799.67442756216,0.577,OMA (AFTER 2nd OUTER LOOP),,,,,,
2026-08-07 06:00:00,surface pressure,109852,40183.204086619306,0.366,OMF,,,,,,
2026-08-07 06:00:00,temperature,29474,5409.362049791425,0.184,OMF,,,,,,
2026-08-07 06:00:00,wind,139702,37873.954265769076,0.271,OMF,,,,,,
2026-08-07 06:00:00,moisture,14970,2068.251384371718,0.138,OMF,,,,,,
2026-08-07 06:00:00,gps,286877,531450.1529840791,1.853,OMF,,,,,,
2026-08-07 06:00:00,Jo Global,580875,616984.9247706307,1.062,OMF,,,,,,
2026-08-07 06:00:00,surface pressure,109852,40183.204086619306,0.366,OMF (1st INNER LOOP),,,,,,
2026-08-07 06:00:00,temperature,29474,5409.362049791425,0.184,OMF (1st INNER LOOP),,,,,,
2026-08-07 06:00:00,wind,139702,37873.954265769076,0.271,OMF (1st INNER LOOP),,,,,,
2026-08-07 06:00:00,moisture,14970,2068.251384371718,0.138,OMF (1st INNER LOOP),,,,,,
2026-08-07 06:00:00,gps,286877,531450.1529840791,1.853,OMF (1st INNER LOOP),,,,,,
2026-08-07 06:00:00,Jo Global,580875,616984.9247706307,1.062,OMF (1st INNER LOOP),,,,,,
2026-08-07 06:00:00,surface pressure,109852,16963.30846028973,0.154,OMF (1st INNER LOOP),,,,,,
2026-08-07 06:00:00,temperature,29474,2837.6551450766046,0.096,OMF (2nd INNER LOOP),,,,,,
2026-08-07 06:00:00,wind,139702,21500.908612981446,0.154,OMF (2nd INNER LOOP),,,,,,
2026-08-07 06:00:00,moisture,14970,726.6568024606278,0.049,OMF (2nd INNER LOOP),,,,,,
2026-08-07 06:00:00,gps,286877,270853.91013102396,0.944,OMF (2nd INNER LOOP),,,,,,
2026-08-07 06:00:00,Jo Global,580875,312882.43915183237,0.539,OMF (2nd INNER LOOP),,,,,,
2026-08-07 06:00:00,surface pressure,109954,18135.44291323569,0.165,OMF (2nd INNER LOOP),,,,,,
2026-08-07 06:00:00,temperature,29472,2994.64348636303,0.102,OMF (2nd INNER LOOP),,,,,,
2026-08-07 06:00:00,wind,139924,21975.720989088433,0.157,OMA (AFTER 1st OUTER LOOP),,,,,,
2026-08-07 06:00:00,moisture,14970,737.685618144362,0.049,OMA (AFTER 1st OUTER LOOP),,,,,,
2026-08-07 06:00:00,gps,292211,289867.4366955805,0.992,OMA (AFTER 1st OUTER LOOP),,,,,,
2026-08-07 06:00:00,Jo Global,586531,333710.929702412,0.569,OMA (AFTER 1st OUTER LOOP),,,,,,
2026-08-07 06:00:00,surface pressure,109954,18135.44291323569,0.165,OMA (AFTER 1st OUTER LOOP),,,,,,
2026-08-07 06:00:00,temperature,29472,2994.64348636303,0.102,OMA (AFTER 1st OUTER LOOP),,,,,,
2026-08-07 06:00:00,wind,139924,21975.720989088433,0.157,OMA (AFTER 1st OUTER LOOP),,,,,,
2026-08-07 06:00:00,moisture,14970,737.685618144362,0.049,OMA (1st INNER LOOP),,,,,,
2026-08-07 06:00:00,gps,292211,289867.4366955805,0.992,OMA (1st INNER LOOP),,,,,,
2026-08-07 06:00:00,Jo Global,586531,333710.929702412,0.569,OMA (1st INNER LOOP),,,,,,
2026-08-07 06:00:00,surface pressure,109954,17958.501394170533,0.163,OMA (1st INNER LOOP),,,,,,
2026-08-07 06:00:00,temperature,29472,2948.898976376132,0.1,OMA (1st INNER LOOP),,,,,,
2026-08-07 06:00:00,wind,139924,22305.813595369917,0.159,OMA (1st INNER LOOP),,,,,,
2026-08-07 06:00:00,moisture,14970,721.3374851916806,0.048,OMA (1st INNER LOOP),,,,,,
2026-08-07 06:00:00,gps,292211,278771.4179088762,0.954,OMA (2nd INNER LOOP),,,,,,
2026-08-07 06:00:00,Jo Global,586531,322705.96935998445,0.55,OMA (2nd INNER LOOP),,,,,,
2026-08-07 06:00:00,surface pressure,109916,17412.691929672863,0.158,OMA (2nd INNER LOOP),,,,,,
2026-08-07 06:00:00,temperature,29471,2952.537255869537,0.1,OMA (2nd INNER LOOP),,,,,,
2026-08-07 06:00:00,wind,139946,22251.773090578146,0.159,OMA (2nd INNER LOOP),,,,,,
2026-08-07 06:00:00,moisture,14970,729.3113187719713,0.049,OMA (2nd INNER LOOP),,,,,,
2026-08-07 06:00:00,gps,293590,282864.53256680357,0.963,OMA (2nd INNER LOOP),,,,,,
2026-08-07 06:00:00,Jo Global,587893,326210.84616169607,0.555,OMA (AFTER 2nd OUTER LOOP),,,,,,
2026-08-07 12:00:00,surface pressure,112923,37848.94092928284,0.335,OMF,,,,,,
2026-08-07 12:00:00,temperature,94479,74117.08027440964,0.784,OMF,,,,,,
2026-08-07 12:00:00,wind,272288,217328.739507245,0.798,OMF,,,,,,
2026-08-07 12:00:00,moisture,43841,13288.555570673578,0.303,OMF,,,,,,
2026-08-07 12:00:00,gps,278944,548636.1546363671,1.967,OMF,,,,,,
2026-08-07 12:00:00,Jo Global,802475,891219.4709179782,1.111,OMF,,,,,,
2026-08-07 12:00:00,surface pressure,112923,37848.94092928284,0.335,OMF (1st INNER LOOP),,,,,,
2026-08-07 12:00:00,temperature,94479,74117.08027440964,0.784,OMF (1st INNER LOOP),,,,,,
2026-08-07 12:00:00,wind,272288,217328.739507245,0.798,OMF (1st INNER LOOP),,,,,,
2026-08-07 12:00:00,moisture,43841,13288.555570673578,0.303,OMF (1st INNER LOOP),,,,,,
2026-08-07 12:00:00,gps,278944,548636.1546363671,1.967,OMF (1st INNER LOOP),,,,,,
2026-08-07 12:00:00,Jo Global,802475,891219.4709179782,1.111,OMF (1st INNER LOOP),,,,,,
2026-08-07 12:00:00,surface pressure,112923,16082.326572868062,0.142,OMF (1st INNER LOOP),,,,,,
2026-08-07 12:00:00,temperature,94479,33096.39852875898,0.35,OMF (2nd INNER LOOP),,,,,,
2026-08-07 12:00:00,wind,272288,103513.30018000928,0.38,OMF (2nd INNER LOOP),,,,,,
2026-08-07 12:00:00,moisture,43841,4310.469719875869,0.098,OMF (2nd INNER LOOP),,,,,,
2026-08-07 12:00:00,gps,278944,279350.97132654075,1.001,OMF (2nd INNER LOOP),,,,,,
2026-08-07 12:00:00,Jo Global,802475,436353.4663280529,0.544,OMF (2nd INNER LOOP),,,,,,
2026-08-07 12:00:00,surface pressure,113070,17747.7711870024,0.157,OMF (2nd INNER LOOP),,,,,,
2026-08-07 12:00:00,temperature,94481,33287.31809702869,0.352,OMF (2nd INNER LOOP),,,,,,
2026-08-07 12:00:00,wind,272504,105287.49191682691,0.386,OMA (AFTER 1st OUTER LOOP),,,,,,
2026-08-07 12:00:00,moisture,43841,4366.367610883104,0.1,OMA (AFTER 1st OUTER LOOP),,,,,,
2026-08-07 12:00:00,gps,284479,303609.0632777182,1.067,OMA (AFTER 1st OUTER LOOP),,,,,,
2026-08-07 12:00:00,Jo Global,808375,464298.01208945934,0.574,OMA (AFTER 1st OUTER LOOP),,,,,,
2026-08-07 12:00:00,surface pressure,113070,17747.7711870024,0.157,OMA (AFTER 1st OUTER LOOP),,,,,,
2026-08-07 12:00:00,temperature,94481,33287.31809702869,0.352,OMA (AFTER 1st OUTER LOOP),,,,,,
2026-08-07 12:00:00,wind,272504,105287.49191682691,0.386,OMA (AFTER 1st OUTER LOOP),,,,,,
2026-08-07 12:00:00,moisture,43841,4366.367610883104,0.1,OMA (1st INNER LOOP),,,,,,
2026-08-07 12:00:00,gps,284479,303609.0632777182,1.067,OMA (1st INNER LOOP),,,,,,
2026-08-07 12:00:00,Jo Global,808375,464298.01208945934,0.574,OMA (1st INNER LOOP),,,,,,
2026-08-07 12:00:00,surface pressure,113070,17447.88130357463,0.154,OMA (1st INNER LOOP),,,,,,
2026-08-07 12:00:00,temperature,94481,33856.39012245395,0.358,OMA (1st INNER LOOP),,,,,,
2026-08-07 12:00:00,wind,272504,106154.70135264951,0.39,OMA (1st INNER LOOP),,,,,,
2026-08-07 12:00:00,moisture,43841,4256.655133629475,0.097,OMA (1st INNER LOOP),,,,,,
2026-08-07 12:00:00,gps,284479,288975.4051348317,1.016,OMA (2nd INNER LOOP),,,,,,
2026-08-07 12:00:00,Jo Global,808375,450691.03304713924,0.558,OMA (2nd INNER LOOP),,,,,,
2026-08-07 12:00:00,surface pressure,113039,16900.51938471302,0.15,OMA (2nd INNER LOOP),,,,,,
2026-08-07 12:00:00,temperature,94480,33772.54561532602,0.357,OMA (2nd INNER LOOP),,,,,,
2026-08-07 12:00:00,wind,272486,105717.0164781595,0.388,OMA (2nd INNER LOOP),,,,,,
2026-08-07 12:00:00,moisture,43841,4287.120035231249,0.098,OMA (2nd INNER LOOP),,,,,,
2026-08-07 12:00:00,gps,286025,295080.65605859784,1.032,OMA (2nd INNER LOOP),,,,,,
2026-08-07 12:00:00,Jo Global,809871,455757.85757202766,0.563,OMA (AFTER 2nd OUTER LOOP),,,,,,
2026-08-07 18:00:00,surface pressure,110347,35532.42900606161,0.322,OMF,,,,,,
2026-08-07 18:00:00,temperature,35581,11344.655594351041,0.319,OMF,,,,,,
2026-08-07 18:00:00,wind,143142,52212.35712233683,0.365,OMF,,,,,,
2026-08-07 18:00:00,moisture,17380,3341.911213567849,0.192,OMF,,,,,,
2026-08-07 18:00:00,gps,288575,531681.9381341985,1.842,OMF,,,,,,
2026-08-07 18:00:00,Jo Global,595025,634113.2910705159,1.066,OMF,,,,,,
2026-08-07 18:00:00,surface pressure,110347,35532.42900606161,0.322,OMF (1st INNER LOOP),,,,,,
2026-08-07 18:00:00,temperature,35581,11344.655594351041,0.319,OMF (1st INNER LOOP),,,,,,
2026-08-07 18:00:00,wind,143142,52212.35712233683,0.365,OMF (1st INNER LOOP),,,,,,
2026-08-07 18:00:00,moisture,17380,3341.911213567849,0.192,OMF (1st INNER LOOP),,,,,,
2026-08-07 18:00:00,gps,288575,531681.9381341985,1.842,OMF (1st INNER LOOP),,,,,,
2026-08-07 18:00:00,Jo Global,595025,634113.2910705159,1.066,OMF (1st INNER LOOP),,,,,,
2026-08-07 18:00:00,surface pressure,110347,16040.864465739975,0.145,OMF (1st INNER LOOP),,,,,,
2026-08-07 18:00:00,temperature,35581,5031.946091217371,0.141,OMF (2nd INNER LOOP),,,,,,
2026-08-07 18:00:00,wind,143142,28281.140390928103,0.198,OMF (2nd INNER LOOP),,,,,,
2026-08-07 18:00:00,moisture,17380,928.1978686118417,0.053,OMF (2nd INNER LOOP),,,,,,
2026-08-07 18:00:00,gps,288575,266269.747513317,0.923,OMF (2nd INNER LOOP),,,,,,
2026-08-07 18:00:00,Jo Global,595025,316551.8963298143,0.532,OMF (2nd INNER LOOP),,,,,,
2026-08-07 18:00:00,surface pressure,110524,17840.812528280083,0.161,OMF (2nd INNER LOOP),,,,,,
2026-08-07 18:00:00,temperature,35577,5652.470026690806,0.159,OMF (2nd INNER LOOP),,,,,,
2026-08-07 18:00:00,wind,143346,29038.457970144824,0.203,OMA (AFTER 1st OUTER LOOP),,,,,,
2026-08-07 18:00:00,moisture,17380,997.6344191826782,0.057,OMA (AFTER 1st OUTER LOOP),,,,,,
2026-08-07 18:00:00,gps,293979,285366.0706965621,0.971,OMA (AFTER 1st OUTER LOOP),,,,,,
2026-08-07 18:00:00,Jo Global,600806,338895.44564086053,0.564,OMA (AFTER 1st OUTER LOOP),,,,,,
2026-08-07 18:00:00,surface pressure,110524,17840.812528280083,0.161,OMA (AFTER 1st OUTER LOOP),,,,,,
2026-08-07 18:00:00,temperature,35577,5652.470026690806,0.159,OMA (AFTER 1st OUTER LOOP),,,,,,
2026-08-07 18:00:00,wind,143346,29038.457970144824,0.203,OMA (AFTER 1st OUTER LOOP),,,,,,
2026-08-07 18:00:00,moisture,17380,997.6344191826782,0.057,OMA (1st INNER LOOP),,,,,,
2026-08-07 18:00:00,gps,293979,285366.0706965621,0.971,OMA (1st INNER LOOP),,,,,,
2026-08-07 18:00:00,Jo Global,600806,338895.44564086053,0.564,OMA (1st INNER LOOP),,,,,,
2026-08-07 18:00:00,surface pressure,110524,17350.357699121636,0.157,OMA (1st INNER LOOP),,,,,,
2026-08-07 18:00:00,temperature,35577,5537.139728705254,0.156,OMA (1st INNER LOOP),,,,,,
2026-08-07 18:00:00,wind,143346,29209.181354820095,0.204,OMA (1st INNER LOOP),,,,,,
2026-08-07 18:00:00,moisture,17380,938.7050394378663,0.054,OMA (1st INNER LOOP),,,,,,
2026-08-07 18:00:00,gps,293979,274103.0597212086,0.932,OMA (2nd INNER LOOP),,,,,,
2026-08-07 18:00:00,Jo Global,600806,327138.44354329346,0.544,OMA (2nd INNER LOOP),,,,,,
2026-08-07 18:00:00,surface pressure,110510,17056.269226015225,0.154,OMA (2nd INNER LOOP),,,,,,
2026-08-07 18:00:00,temperature,35576,5522.821554556054,0.155,OMA (2nd INNER LOOP),,,,,,
2026-08-07 18:00:00,wind,143360,29209.357574735903,0.204,OMA (2nd INNER LOOP),,,,,,
2026-08-07 18:00:00,moisture,17380,953.2842253944766,0.055,OMA (2nd INNER LOOP),,,,,,
2026-08-07 18:00:00,gps,295378,279082.18487447954,0.945,OMA (2nd INNER LOOP),,,,,,
2026-08-07 18:00:00,Jo Global,602204,331823.91745518125,0.551,OMA (AFTER 2nd OUTER LOOP),,,,,,
2026-08-08 00:00:00,surface pressure,108997,35024.477314260366,0.321,OMF,,,,,,
2026-08-08 00:00:00,temperature,104169,76864.84760315584,0.738,OMF,,,,,,
2026-08-08 00:00:00,wind,301588,224431.8668081321,0.744,OMF,,,,,,
2026-08-08 00:00:00,moisture,45949,14846.770181758835,0.323,OMF,,,,,,
2026-08-08 00:00:00,gps,268762,513357.81551603175,1.91,OMF,,,,,,
2026-08-08 00:00:00,Jo Global,829465,864525.777423339,1.042,OMF,,,,,,
2026-08-08 00:00:00,surface pressure,108997,35024.477314260366,0.321,OMF (1st INNER LOOP),,,,,,
2026-08-08 00:00:00,temperature,104169,76864.84760315584,0.738,OMF (1st INNER LOOP),,,,,,
2026-08-08 00:00:00,wind,301588,224431.8668081321,0.744,OMF (1st INNER LOOP),,,,,,
2026-08-08 00:00:00,moisture,45949,14846.770181758835,0.323,OMF (1st INNER LOOP),,,,,,
2026-08-08 00:00:00,gps,268762,513357.81551603175,1.91,OMF (1st INNER LOOP),,,,,,
2026-08-08 00:00:00,Jo Global,829465,864525.777423339,1.042,OMF (1st INNER LOOP),,,,,,
2026-08-08 00:00:00,surface pressure,108997,15756.897242319643,0.145,OMF (1st INNER LOOP),,,,,,
2026-08-08 00:00:00,temperature,104169,35659.544197588744,0.342,OMF (2nd INNER LOOP),,,,,,
2026-08-08 00:00:00,wind,301588,113707.71863907225,0.377,OMF (2nd INNER LOOP),,,,,,
2026-08-08 00:00:00,moisture,45949,4572.3011915553625,0.1,OMF (2nd INNER LOOP),,,,,,
2026-08-08 00:00:00,gps,268762,262764.4431960692,0.978,OMF (2nd INNER LOOP),,,,,,
2026-08-08 00:00:00,Jo Global,829465,432460.9044666052,0.521,OMF (2nd INNER LOOP),,,,,,
2026-08-08 00:00:00,surface pressure,109173,17232.118656522864,0.158,OMF (2nd INNER LOOP),,,,,,
2026-08-08 00:00:00,temperature,104172,36106.363311739406,0.347,OMF (2nd INNER LOOP),,,,,,
2026-08-08 00:00:00,wind,301870,115644.86149854692,0.383,OMA (AFTER 1st OUTER LOOP),,,,,,
2026-08-08 00:00:00,moisture,45949,4590.348195161738,0.1,OMA (AFTER 1st OUTER LOOP),,,,,,
2026-08-08 00:00:00,gps,274029,281674.72840771376,1.028,OMA (AFTER 1st OUTER LOOP),,,,,,
2026-08-08 00:00:00,Jo Global,835193,455248.4200696847,0.545,OMA (AFTER 1st OUTER LOOP),,,,,,
2026-08-08 00:00:00,surface pressure,109173,17232.118656522864,0.158,OMA (AFTER 1st OUTER LOOP),,,,,,
2026-08-08 00:00:00,temperature,104172,36106.363311739406,0.347,OMA (AFTER 1st OUTER LOOP),,,,,,
2026-08-08 00:00:00,wind,301870,115644.86149854692,0.383,OMA (AFTER 1st OUTER LOOP),,,,,,
2026-08-08 00:00:00,moisture,45949,4590.348195161738,0.1,OMA (1st INNER LOOP),,,,,,
2026-08-08 00:00:00,gps,274029,281674.72840771376,1.028,OMA (1st INNER LOOP),,,,,,
2026-08-08 00:00:00,Jo Global,835193,455248.4200696847,0.545,OMA (1st INNER LOOP),,,,,,
2026-08-08 00:00:00,surface pressure,109173,16784.35618791973,0.154,OMA (1st INNER LOOP),,,,,,
2026-08-08 00:00:00,temperature,104172,36699.122050727645,0.352,OMA (1st INNER LOOP),,,,,,
2026-08-08 00:00:00,wind,301870,116074.51910074035,0.385,OMA (1st INNER LOOP),,,,,,
2026-08-08 00:00:00,moisture,45949,4452.510936066474,0.097,OMA (1st INNER LOOP),,,,,,
2026-08-08 00:00:00,gps,274029,269873.9075053917,0.985,OMA (2nd INNER LOOP),,,,,,
2026-08-08 00:00:00,Jo Global,835193,443884.4157808459,0.531,OMA (2nd INNER LOOP),,,,,,
2026-08-08 00:00:00,surface pressure,109170,16684.1314448007,0.153,OMA (2nd INNER LOOP),,,,,,
2026-08-08 00:00:00,temperature,104173,36767.14478519507,0.353,OMA (2nd INNER LOOP),,,,,,
2026-08-08 00:00:00,wind,301882,115843.20427405072,0.384,OMA (2nd INNER LOOP),,,,,,
2026-08-08 00:00:00,moisture,45949,4472.649832823142,0.097,OMA (2nd INNER LOOP),,,,,,
2026-08-08 00:00:00,gps,275403,274899.1897912743,0.998,OMA (2nd INNER LOOP),,,,,,
2026-08-08 00:00:00,Jo Global,836577,448666.320128144,0.536,OMA (AFTER 2nd OUTER LOOP),,,,,,
2026-08-08 06:00:00,surface pressure,108826,33764.147530349466,0.31,OMF,,,,,,
2026-08-08 06:00:00,temperature,29142,6312.658518522439,0.217,OMF,,,,,,
2026-08-08 06:00:00,wind,142884,40556.16500094079,0.284,OMF,,,,,,
2026-08-08 06:00:00,moisture,14827,2415.1821404018897,0.163,OMF,,,,,,
2026-08-08 06:00:00,gps,297467,577879.3588714699,1.943,OMF,,,,,,
2026-08-08 06:00:00,Jo Global,593146,660927.5120616844,1.114,OMF,,,,,,
2026-08-08 06:00:00,surface pressure,108826,33764.147530349466,0.31,OMF (1st INNER LOOP),,,,,,
2026-08-08 06:00:00,temperature,29142,6312.658518522439,0.217,OMF (1st INNER LOOP),,,,,,
2026-08-08 06:00:00,wind,142884,40556.16500094079,0.284,OMF (1st INNER LOOP),,,,,,
2026-08-08 06:00:00,moisture,14827,2415.1821404018897,0.163,OMF (1st INNER LOOP),,,,,,
2026-08-08 06:00:00,gps,297467,577879.3588714699,1.943,OMF (1st INNER LOOP),,,,,,
2026-08-08 06:00:00,Jo Global,593146,660927.5120616844,1.114,OMF (1st INNER LOOP),,,,,,
2026-08-08 06:00:00,surface pressure,108826,15211.363092148948,0.14,OMF (1st INNER LOOP),,,,,,
2026-08-08 06:00:00,temperature,29142,3542.280206373691,0.122,OMF (2nd INNER LOOP),,,,,,
2026-08-08 06:00:00,wind,142884,21493.906339861143,0.15,OMF (2nd INNER LOOP),,,,,,
2026-08-08 06:00:00,moisture,14827,866.776197736743,0.058,OMF (2nd INNER LOOP),,,,,,
2026-08-08 06:00:00,gps,297467,291029.91306307656,0.978,OMF (2nd INNER LOOP),,,,,,
2026-08-08 06:00:00,Jo Global,593146,332144.2388991971,0.56,OMF (2nd INNER LOOP),,,,,,
2026-08-08 06:00:00,surface pressure,109006,16930.65026902645,0.155,OMF (2nd INNER LOOP),,,,,,
2026-08-08 06:00:00,temperature,29138,3602.9152706920167,0.124,OMF (2nd INNER LOOP),,,,,,
2026-08-08 06:00:00,wind,143094,21891.282194000785,0.153,OMA (AFTER 1st OUTER LOOP),,,,,,
2026-08-08 06:00:00,moisture,14827,931.7022748224148,0.063,OMA (AFTER 1st OUTER LOOP),,,,,,
2026-08-08 06:00:00,gps,303152,314828.42099934886,1.039,OMA (AFTER 1st OUTER LOOP),,,,,,
2026-08-08 06:00:00,Jo Global,599217,358184.97100789053,0.598,OMA (AFTER 1st OUTER LOOP),,,,,,
2026-08-08 06:00:00,surface pressure,109006,16930.65026902645,0.155,OMA (AFTER 1st OUTER LOOP),,,,,,
2026-08-08 06:00:00,temperature,29138,3602.9152706920167,0.124,OMA (AFTER 1st OUTER LOOP),,,,,,
2026-08-08 06:00:00,wind,143094,21891.282194000785,0.153,OMA (AFTER 1st OUTER LOOP),,,,,,
2026-08-08 06:00:00,moisture,14827,931.7022748224148,0.063,OMA (1st INNER LOOP),,,,,,
2026-08-08 06:00:00,gps,303152,314828.42099934886,1.039,OMA (1st INNER LOOP),,,,,,
2026-08-08 06:00:00,Jo Global,599217,358184.97100789053,0.598,OMA (1st INNER LOOP),,,,,,
2026-08-08 06:00:00,surface pressure,109006,16589.74288783846,0.152,OMA (1st INNER LOOP),,,,,,
2026-08-08 06:00:00,temperature,29138,3600.2457976965156,0.124,OMA (1st INNER LOOP),,,,,,
2026-08-08 06:00:00,wind,143094,22076.96890684542,0.154,OMA (1st INNER LOOP),,,,,,
2026-08-08 06:00:00,moisture,14827,865.35319170708,0.058,OMA (1st INNER LOOP),,,,,,
2026-08-08 06:00:00,gps,303152,301594.03694579576,0.995,OMA (2nd INNER LOOP),,,,,,
2026-08-08 06:00:00,Jo Global,599217,344726.3477298833,0.575,OMA (2nd INNER LOOP),,,,,,
2026-08-08 06:00:00,surface pressure,108989,16195.884429865795,0.149,OMA (2nd INNER LOOP),,,,,,
2026-08-08 06:00:00,temperature,29138,3602.5897169466507,0.124,OMA (2nd INNER LOOP),,,,,,
2026-08-08 06:00:00,wind,143098,22107.194437815957,0.154,OMA (2nd INNER LOOP),,,,,,
2026-08-08 06:00:00,moisture,14827,883.1232466164508,0.06,OMA (2nd INNER LOOP),,,,,,
2026-08-08 06:00:00,gps,304702,307228.84725049516,1.008,OMA (2nd INNER LOOP),,,,,,
2026-08-08 06:00:00,Jo Global,600754,350017.63908174,0.583,OMA (AFTER 2nd OUTER LOOP),,,,,,
2026-08-08 12:00:00,surface pressure,111233,37135.39423530288,0.334,OMF,,,,,,
2026-08-08 12:00:00,temperature,96776,73554.44204899362,0.76,OMF,,,,,,
2026-08-08 12:00:00,wind,271410,206909.99620387348,0.762,OMF,,,,,,
2026-08-08 12:00:00,moisture,43046,13466.16224741862,0.313,OMF,,,,,,
2026-08-08 12:00:00,gps,287195,589586.6487955815,2.053,OMF,,,,,,
2026-08-08 12:00:00,Jo Global,809660,920652.6435311701,1.137,OMF,,,,,,
2026-08-08 12:00:00,surface pressure,111233,37135.39423530288,0.334,OMF (1st INNER LOOP),,,,,,
2026-08-08 12:00:00,temperature,96776,73554.44204899362,0.76,OMF (1st INNER LOOP),,,,,,
2026-08-08 12:00:00,wind,271410,206909.99620387348,0.762,OMF (1st INNER LOOP),,,,,,
2026-08-08 12:00:00,moisture,43046,13466.16224741862,0.313,OMF (1st INNER LOOP),,,,,,
2026-08-08 12:00:00,gps,287195,589586.6487955815,2.053,OMF (1st INNER LOOP),,,,,,
2026-08-08 12:00:00,Jo Global,809660,920652.6435311701,1.137,OMF (1st INNER LOOP),,,,,,
2026-08-08 12:00:00,surface pressure,111233,16124.315929042667,0.145,OMF (1st INNER LOOP),,,,,,
2026-08-08 12:00:00,temperature,96776,31522.743695114226,0.326,OMF (2nd INNER LOOP),,,,,,
2026-08-08 12:00:00,wind,271410,101690.88144300542,0.375,OMF (2nd INNER LOOP),,,,,,
2026-08-08 12:00:00,moisture,43046,4379.846972116093,0.102,OMF (2nd INNER LOOP),,,,,,
2026-08-08 12:00:00,gps,287195,311595.8499274485,1.085,OMF (2nd INNER LOOP),,,,,,
2026-08-08 12:00:00,Jo Global,809660,465313.6379667269,0.575,OMF (2nd INNER LOOP),,,,,,
2026-08-08 12:00:00,surface pressure,111386,17414.10441932667,0.156,OMF (2nd INNER LOOP),,,,,,
2026-08-08 12:00:00,temperature,96766,31912.779805052458,0.33,OMF (2nd INNER LOOP),,,,,,
2026-08-08 12:00:00,wind,271704,103570.55319308031,0.381,OMA (AFTER 1st OUTER LOOP),,,,,,
2026-08-08 12:00:00,moisture,43046,4393.612689213614,0.102,OMA (AFTER 1st OUTER LOOP),,,,,,
2026-08-08 12:00:00,gps,292984,337594.1943355115,1.152,OMA (AFTER 1st OUTER LOOP),,,,,,
2026-08-08 12:00:00,Jo Global,815886,494885.2444421846,0.607,OMA (AFTER 1st OUTER LOOP),,,,,,
2026-08-08 12:00:00,surface pressure,111386,17414.10441932667,0.156,OMA (AFTER 1st OUTER LOOP),,,,,,
2026-08-08 12:00:00,temperature,96766,31912.779805052458,0.33,OMA (AFTER 1st OUTER LOOP),,,,,,
2026-08-08 12:00:00,wind,271704,103570.55319308031,0.381,OMA (AFTER 1st OUTER LOOP),,,,,,
2026-08-08 12:00:00,moisture,43046,4393.612689213614,0.102,OMA (1st INNER LOOP),,,,,,
2026-08-08 12:00:00,gps,292984,337594.1943355115,1.152,OMA (1st INNER LOOP),,,,,,
2026-08-08 12:00:00,Jo Global,815886,494885.2444421846,0.607,OMA (1st INNER LOOP),,,,,,
2026-08-08 12:00:00,surface pressure,111386,17001.94603177835,0.153,OMA (1st INNER LOOP),,,,,,
2026-08-08 12:00:00,temperature,96766,32342.333814395894,0.334,OMA (1st INNER LOOP),,,,,,
2026-08-08 12:00:00,wind,271704,104113.31994166436,0.383,OMA (1st INNER LOOP),,,,,,
2026-08-08 12:00:00,moisture,43046,4275.950498164239,0.099,OMA (1st INNER LOOP),,,,,,
2026-08-08 12:00:00,gps,292984,322661.3303829236,1.101,OMA (2nd INNER LOOP),,,,,,
2026-08-08 12:00:00,Jo Global,815886,480394.88066892646,0.589,OMA (2nd INNER LOOP),,,,,,
2026-08-08 12:00:00,surface pressure,111367,16778.707460174588,0.151,OMA (2nd INNER LOOP),,,,,,
2026-08-08 12:00:00,temperature,96764,32250.254439014978,0.333,OMA (2nd INNER LOOP),,,,,,
2026-08-08 12:00:00,wind,271698,103630.18662204678,0.381,OMA (2nd INNER LOOP),,,,,,
2026-08-08 12:00:00,moisture,43046,4296.214052106267,0.1,OMA (2nd INNER LOOP),,,,,,
2026-08-08 12:00:00,gps,294399,330039.7430897985,1.121,OMA (2nd INNER LOOP),,,,,,
2026-08-08 12:00:00,Jo Global,817274,486995.10566314106,0.596,OMA (AFTER 2nd OUTER LOOP),,,,,,
2026-08-08 18:00:00,surface pressure,109583,37332.17421800258,0.341,OMF,,,,,,
2026-08-08 18:00:00,temperature,35738,10557.195940160991,0.295,OMF,,,,,,
2026-08-08 18:00:00,wind,144674,49206.15343633099,0.34,OMF,,,,,,
2026-08-08 18:00:00,moisture,16637,3360.8960686995392,0.202,OMF,,,,,,
2026-08-08 18:00:00,gps,294800,557355.8055439901,1.891,OMF,,,,,,
2026-08-08 18:00:00,Jo Global,601432,657812.2252071842,1.094,OMF,,,,,,
2026-08-08 18:00:00,surface pressure,109583,37332.17421800258,0.341,OMF (1st INNER LOOP),,,,,,
2026-08-08 18:00:00,temperature,35738,10557.195940160991,0.295,OMF (1st INNER LOOP),,,,,,
2026-08-08 18:00:00,wind,144674,49206.15343633099,0.34,OMF (1st INNER LOOP),,,,,,
2026-08-08 18:00:00,moisture,16637,3360.8960686995392,0.202,OMF (1st INNER LOOP),,,,,,
2026-08-08 18:00:00,gps,294800,557355.8055439901,1.891,OMF (1st INNER LOOP),,,,,,
2026-08-08 18:00:00,Jo Global,601432,657812.2252071842,1.094,OMF (1st INNER LOOP),,,,,,
2026-08-08 18:00:00,surface pressure,109583,15716.143181476464,0.143,OMF (1st INNER LOOP),,,,,,
2026-08-08 18:00:00,temperature,35738,4616.628102621291,0.129,OMF (2nd INNER LOOP),,,,,,
2026-08-08 18:00:00,wind,144674,27437.248444310866,0.19,OMF (2nd INNER LOOP),,,,,,
2026-08-08 18:00:00,moisture,16637,934.2636981795756,0.056,OMF (2nd INNER LOOP),,,,,,
2026-08-08 18:00:00,gps,294800,289000.8661577323,0.98,OMF (2nd INNER LOOP),,,,,,
2026-08-08 18:00:00,Jo Global,601432,337705.1495843205,0.562,OMF (2nd INNER LOOP),,,,,,
2026-08-08 18:00:00,surface pressure,109784,16907.964453268578,0.154,OMF (2nd INNER LOOP),,,,,,
2026-08-08 18:00:00,temperature,35735,5301.119303372708,0.148,OMF (2nd INNER LOOP),,,,,,
2026-08-08 18:00:00,wind,144828,27831.153095205624,0.192,OMA (AFTER 1st OUTER LOOP),,,,,,
2026-08-08 18:00:00,moisture,16637,1007.0065350600422,0.061,OMA (AFTER 1st OUTER LOOP),,,,,,
2026-08-08 18:00:00,gps,300393,313089.9824598045,1.042,OMA (AFTER 1st OUTER LOOP),,,,,,
2026-08-08 18:00:00,Jo Global,607377,364137.22584671143,0.6,OMA (AFTER 1st OUTER LOOP),,,,,,
2026-08-08 18:00:00,surface pressure,109784,16907.964453268578,0.154,OMA (AFTER 1st OUTER LOOP),,,,,,
2026-08-08 18:00:00,temperature,35735,5301.119303372708,0.148,OMA (AFTER 1st OUTER LOOP),,,,,,
2026-08-08 18:00:00,wind,144828,27831.153095205624,0.192,OMA (AFTER 1st OUTER LOOP),,,,,,
2026-08-08 18:00:00,moisture,16637,1007.0065350600422,0.061,OMA (1st INNER LOOP),,,,,,
2026-08-08 18:00:00,gps,300393,313089.9824598045,1.042,OMA (1st INNER LOOP),,,,,,
2026-08-08 18:00:00,Jo Global,607377,364137.22584671143,0.6,OMA (1st INNER LOOP),,,,,,
2026-08-08 18:00:00,surface pressure,109784,16445.844506935042,0.15,OMA (1st INNER LOOP),,,,,,
2026-08-08 18:00:00,temperature,35735,5167.101848242781,0.145,OMA (1st INNER LOOP),,,,,,
2026-08-08 18:00:00,wind,144828,28128.509320460664,0.194,OMA (1st INNER LOOP),,,,,,
2026-08-08 18:00:00,moisture,16637,954.1002386001362,0.057,OMA (1st INNER LOOP),,,,,,
2026-08-08 18:00:00,gps,300393,299484.71986847476,0.997,OMA (2nd INNER LOOP),,,,,,
2026-08-08 18:00:00,Jo Global,607377,350180.2757827134,0.577,OMA (2nd INNER LOOP),,,,,,
2026-08-08 18:00:00,surface pressure,109770,16206.15618003137,0.148,OMA (2nd INNER LOOP),,,,,,
2026-08-08 18:00:00,temperature,35735,5166.433172147213,0.145,OMA (2nd INNER LOOP),,,,,,
2026-08-08 18:00:00,wind,144844,28154.65451591056,0.194,OMA (2nd INNER LOOP),,,,,,
2026-08-08 18:00:00,moisture,16637,968.2537937133364,0.058,OMA (2nd INNER LOOP),,,,,,
2026-08-08 18:00:00,gps,301940,305067.29034691607,1.01,OMA (2nd INNER LOOP),,,,,,
2026-08-08 18:00:00,Jo Global,608926,355562.7880087186,0.584,OMA (AFTER 2nd OUTER LOOP),,,,,,
2026-08-09 00:00:00,surface pressure,108352,36648.995097522464,0.338,OMF,,,,,,
2026-08-09 00:00:00,temperature,106202,82270.6562013709,0.775,OMF,,,,,,
2026-08-09 00:00:00,wind,308394,243492.37191051175,0.79,OMF,,,,,,
2026-08-09 00:00:00,moisture,46500,14876.010162176506,0.32,OMF,,,,,,
2026-08-09 00:00:00,gps,268139,524121.7634989424,1.955,OMF,,,,,,
2026-08-09 00:00:00,Jo Global,837587,901409.7968705241,1.076,OMF,,,,,,
2026-08-09 00:00:00,surface pressure,108352,36648.995097522464,0.338,OMF (1st INNER LOOP),,,,,,
2026-08-09 00:00:00,temperature,106202,82270.6562013709,0.775,OMF (1st INNER LOOP),,,,,,
2026-08-09 00:00:00,wind,308394,243492.37191051175,0.79,OMF (1st INNER LOOP),,,,,,
2026-08-09 00:00:00,moisture,46500,14876.010162176506,0.32,OMF (1st INNER LOOP),,,,,,
2026-08-09 00:00:00,gps,268139,524121.7634989424,1.955,OMF (1st INNER LOOP),,,,,,
2026-08-09 00:00:00,Jo Global,837587,901409.7968705241,1.076,OMF (1st INNER LOOP),,,,,,
2026-08-09 00:00:00,surface pressure,108352,15989.77170868855,0.148,OMF (1st INNER LOOP),,,,,,
2026-08-09 00:00:00,temperature,106202,36545.66006380981,0.344,OMF (2nd INNER LOOP),,,,,,
2026-08-09 00:00:00,wind,308394,120858.37945431883,0.392,OMF (2nd INNER LOOP),,,,,,
2026-08-09 00:00:00,moisture,46500,4777.0719645333365,0.103,OMF (2nd INNER LOOP),,,,,,
2026-08-09 00:00:00,gps,268139,277298.2330195556,1.034,OMF (2nd INNER LOOP),,,,,,
2026-08-09 00:00:00,Jo Global,837587,455469.1162109061,0.544,OMF (2nd INNER LOOP),,,,,,
2026-08-09 00:00:00,surface pressure,108514,17439.308697819488,0.161,OMF (2nd INNER LOOP),,,,,,
2026-08-09 00:00:00,temperature,106208,37189.91914584529,0.35,OMF (2nd INNER LOOP),,,,,,
2026-08-09 00:00:00,wind,308774,123851.72343425186,0.401,OMA (AFTER 1st OUTER LOOP),,,,,,
2026-08-09 00:00:00,moisture,46500,4833.393490550363,0.104,OMA (AFTER 1st OUTER LOOP),,,,,,
2026-08-09 00:00:00,gps,273246,300506.26853519725,1.1,OMA (AFTER 1st OUTER LOOP),,,,,,
2026-08-09 00:00:00,Jo Global,843242,483820.61330366426,0.574,OMA (AFTER 1st OUTER LOOP),,,,,,
2026-08-09 00:00:00,surface pressure,108514,17439.308697819488,0.161,OMA (AFTER 1st OUTER LOOP),,,,,,
2026-08-09 00:00:00,temperature,106208,37189.91914584529,0.35,OMA (AFTER 1st OUTER LOOP),,,,,,
2026-08-09 00:00:00,wind,308774,123851.72343425186,0.401,OMA (AFTER 1st OUTER LOOP),,,,,,
2026-08-09 00:00:00,moisture,46500,4833.393490550363,0.104,OMA (1st INNER LOOP),,,,,,
2026-08-09 00:00:00,gps,273246,300506.26853519725,1.1,OMA (1st INNER LOOP),,,,,,
2026-08-09 00:00:00,Jo Global,843242,483820.61330366426,0.574,OMA (1st INNER LOOP),,,,,,
2026-08-09 00:00:00,surface pressure,108514,17074.059095751527,0.157,OMA (1st INNER LOOP),,,,,,
2026-08-09 00:00:00,temperature,106208,37767.53477585019,0.356,OMA (1st INNER LOOP),,,,,,
2026-08-09 00:00:00,wind,308774,125032.11511987462,0.405,OMA (1st INNER LOOP),,,,,,
2026-08-09 00:00:00,moisture,46500,4650.2286286339,0.1,OMA (1st INNER LOOP),,,,,,
2026-08-09 00:00:00,gps,273246,286702.2104122497,1.049,OMA (2nd INNER LOOP),,,,,,
2026-08-09 00:00:00,Jo Global,843242,471226.14803235995,0.559,OMA (2nd INNER LOOP),,,,,,
2026-08-09 00:00:00,surface pressure,108506,16907.106378972858,0.156,OMA (2nd INNER LOOP),,,,,,
2026-08-09 00:00:00,temperature,106207,37699.191823211935,0.355,OMA (2nd INNER LOOP),,,,,,
2026-08-09 00:00:00,wind,308764,124520.94098463774,0.403,OMA (2nd INNER LOOP),,,,,,
2026-08-09 00:00:00,moisture,46500,4675.436534005704,0.101,OMA (2nd INNER LOOP),,,,,,
2026-08-09 00:00:00,gps,274653,292660.4842951944,1.066,OMA (2nd INNER LOOP),,,,,,
2026-08-09 00:00:00,Jo Global,844630,476463.1600160226,0.564,OMA (AFTER 2nd OUTER LOOP),,,,,,
2026-08-09 06:00:00,surface pressure,106651,34592.207353338454,0.324,OMF,,,,,,
2026-08-09 06:00:00,temperature,28552,5246.5744938905145,0.184,OMF,,,,,,
2026-08-09 06:00:00,wind,146620,38525.74639930745,0.263,OMF,,,,,,
2026-08-09 06:00:00,moisture,14833,2104.3430381072053,0.142,OMF,,,,,,
2026-08-09 06:00:00,gps,270066,509560.4707116271,1.887,OMF,,,,,,
2026-08-09 06:00:00,Jo Global,566722,590029.3419962707,1.041,OMF,,,,,,
2026-08-09 06:00:00,surface pressure,106651,34592.207353338454,0.324,OMF (1st INNER LOOP),,,,,,
2026-08-09 06:00:00,temperature,28552,5246.5744938905145,0.184,OMF (1st INNER LOOP),,,,,,
2026-08-09 06:00:00,wind,146620,38525.74639930745,0.263,OMF (1st INNER LOOP),,,,,,
2026-08-09 06:00:00,moisture,14833,2104.3430381072053,0.142,OMF (1st INNER LOOP),,,,,,
2026-08-09 06:00:00,gps,270066,509560.4707116271,1.887,OMF (1st INNER LOOP),,,,,,
2026-08-09 06:00:00,Jo Global,566722,590029.3419962707,1.041,OMF (1st INNER LOOP),,,,,,
2026-08-09 06:00:00,surface pressure,106651,15567.165158069365,0.146,OMF (1st INNER LOOP),,,,,,
2026-08-09 06:00:00,temperature,28552,2866.851393851196,0.1,OMF (2nd INNER LOOP),,,,,,
2026-08-09 06:00:00,wind,146620,21044.13385836215,0.144,OMF (2nd INNER LOOP),,,,,,
2026-08-09 06:00:00,moisture,14833,799.4000480847684,0.054,OMF (2nd INNER LOOP),,,,,,
2026-08-09 06:00:00,gps,270066,256177.1829582868,0.949,OMF (2nd INNER LOOP),,,,,,
2026-08-09 06:00:00,Jo Global,566722,296454.7334166543,0.523,OMF (2nd INNER LOOP),,,,,,
2026-08-09 06:00:00,surface pressure,106795,17377.53440818557,0.163,OMF (2nd INNER LOOP),,,,,,
2026-08-09 06:00:00,temperature,28552,2930.2338549149863,0.103,OMF (2nd INNER LOOP),,,,,,
2026-08-09 06:00:00,wind,146786,21470.60419894911,0.146,OMA (AFTER 1st OUTER LOOP),,,,,,
2026-08-09 06:00:00,moisture,14833,827.0335723684493,0.056,OMA (AFTER 1st OUTER LOOP),,,,,,
2026-08-09 06:00:00,gps,275007,276267.2286982581,1.005,OMA (AFTER 1st OUTER LOOP),,,,,,
2026-08-09 06:00:00,Jo Global,571973,318872.63473267626,0.557,OMA (AFTER 1st OUTER LOOP),,,,,,
2026-08-09 06:00:00,surface pressure,106795,17377.53440818557,0.163,OMA (AFTER 1st OUTER LOOP),,,,,,
2026-08-09 06:00:00,temperature,28552,2930.2338549149863,0.103,OMA (AFTER 1st OUTER LOOP),,,,,,
2026-08-09 06:00:00,wind,146786,21470.60419894911,0.146,OMA (AFTER 1st OUTER LOOP),,,,,,
2026-08-09 06:00:00,moisture,14833,827.0335723684493,0.056,OMA (1st INNER LOOP),,,,,,
2026-08-09 06:00:00,gps,275007,276267.2286982581,1.005,OMA (1st INNER LOOP),,,,,,
2026-08-09 06:00:00,Jo Global,571973,318872.63473267626,0.557,OMA (1st INNER LOOP),,,,,,
2026-08-09 06:00:00,surface pressure,106795,17048.4448072608,0.16,OMA (1st INNER LOOP),,,,,,
2026-08-09 06:00:00,temperature,28552,2932.179106719835,0.103,OMA (1st INNER LOOP),,,,,,
2026-08-09 06:00:00,wind,146786,21857.95557404977,0.149,OMA (1st INNER LOOP),,,,,,
2026-08-09 06:00:00,moisture,14833,795.8829085367465,0.054,OMA (1st INNER LOOP),,,,,,
2026-08-09 06:00:00,gps,275007,264589.67550767213,0.962,OMA (2nd INNER LOOP),,,,,,
2026-08-09 06:00:00,Jo Global,571973,307224.1379042393,0.537,OMA (2nd INNER LOOP),,,,,,
2026-08-09 06:00:00,surface pressure,106774,16688.594349316896,0.156,OMA (2nd INNER LOOP),,,,,,
2026-08-09 06:00:00,temperature,28552,2926.624413121328,0.103,OMA (2nd INNER LOOP),,,,,,
2026-08-09 06:00:00,wind,146796,21798.20476016819,0.148,OMA (2nd INNER LOOP),,,,,,
2026-08-09 06:00:00,moisture,14833,798.6327968494214,0.054,OMA (2nd INNER LOOP),,,,,,
2026-08-09 06:00:00,gps,276307,269648.77907298063,0.976,OMA (2nd INNER LOOP),,,,,,
2026-08-09 06:00:00,Jo Global,573262,311860.8353924365,0.544,OMA (AFTER 2nd OUTER LOOP),,,,,,
2026-08-09 12:00:00,surface pressure,111093,39911.381378391285,0.359,OMF,,,,,,
2026-08-09 12:00:00,temperature,93017,70695.49052929699,0.76,OMF,,,,,,
2026-08-09 12:00:00,wind,264536,208585.30034268365,0.788,OMF,,,,,,
2026-08-09 12:00:00,moisture,42297,12302.623481733277,0.291,OMF,,,,,,
2026-08-09 12:00:00,gps,248437,468129.50671888073,1.884,OMF,,,,,,
2026-08-09 12:00:00,Jo Global,759380,799624.302450986,1.053,OMF,,,,,,
2026-08-09 12:00:00,surface pressure,111093,39911.381378391285,0.359,OMF (1st INNER LOOP),,,,,,
2026-08-09 12:00:00,temperature,93017,70695.49052929699,0.76,OMF (1st INNER LOOP),,,,,,
2026-08-09 12:00:00,wind,264536,208585.30034268365,0.788,OMF (1st INNER LOOP),,,,,,
2026-08-09 12:00:00,moisture,42297,12302.623481733277,0.291,OMF (1st INNER LOOP),,,,,,
2026-08-09 12:00:00,gps,248437,468129.50671888073,1.884,OMF (1st INNER LOOP),,,,,,
2026-08-09 12:00:00,Jo Global,759380,799624.302450986,1.053,OMF (1st INNER LOOP),,,,,,
2026-08-09 12:00:00,surface pressure,111093,16671.941296238056,0.15,OMF (1st INNER LOOP),,,,,,
2026-08-09 12:00:00,temperature,93017,30973.99266389884,0.333,OMF (2nd INNER LOOP),,,,,,
2026-08-09 12:00:00,wind,264536,102137.63903606146,0.386,OMF (2nd INNER LOOP),,,,,,
2026-08-09 12:00:00,moisture,42297,4252.912114881451,0.101,OMF (2nd INNER LOOP),,,,,,
2026-08-09 12:00:00,gps,248437,240204.16279615182,0.967,OMF (2nd INNER LOOP),,,,,,
2026-08-09 12:00:00,Jo Global,759380,394240.64790723164,0.519,OMF (2nd INNER LOOP),,,,,,
2026-08-09 12:00:00,surface pressure,111242,18212.109259389395,0.164,OMF (2nd INNER LOOP),,,,,,
2026-08-09 12:00:00,temperature,93019,31298.42307675403,0.336,OMF (2nd INNER LOOP),,,,,,
2026-08-09 12:00:00,wind,264720,103650.74131764061,0.392,OMA (AFTER 1st OUTER LOOP),,,,,,
2026-08-09 12:00:00,moisture,42297,4244.62112815035,0.1,OMA (AFTER 1st OUTER LOOP),,,,,,
2026-08-09 12:00:00,gps,253030,257735.01903998878,1.019,OMA (AFTER 1st OUTER LOOP),,,,,,
2026-08-09 12:00:00,Jo Global,764308,415140.91382192314,0.543,OMA (AFTER 1st OUTER LOOP),,,,,,
2026-08-09 12:00:00,surface pressure,111242,18212.109259389395,0.164,OMA (AFTER 1st OUTER LOOP),,,,,,
2026-08-09 12:00:00,temperature,93019,31298.42307675403,0.336,OMA (AFTER 1st OUTER LOOP),,,,,,
2026-08-09 12:00:00,wind,264720,103650.74131764061,0.392,OMA (AFTER 1st OUTER LOOP),,,,,,
2026-08-09 12:00:00,moisture,42297,4244.62112815035,0.1,OMA (1st INNER LOOP),,,,,,
2026-08-09 12:00:00,gps,253030,257735.01903998878,1.019,OMA (1st INNER LOOP),,,,,,
2026-08-09 12:00:00,Jo Global,764308,415140.91382192314,0.543,OMA (1st INNER LOOP),,,,,,
2026-08-09 12:00:00,surface pressure,111242,17714.69091306827,0.159,OMA (1st INNER LOOP),,,,,,
2026-08-09 12:00:00,temperature,93019,31700.447020916832,0.341,OMA (1st INNER LOOP),,,,,,
2026-08-09 12:00:00,wind,264720,105764.40481004355,0.4,OMA (1st INNER LOOP),,,,,,
2026-08-09 12:00:00,moisture,42297,4147.539309116462,0.098,OMA (1st INNER LOOP),,,,,,
2026-08-09 12:00:00,gps,253030,246975.0967279001,0.976,OMA (2nd INNER LOOP),,,,,,
2026-08-09 12:00:00,Jo Global,764308,406302.1787810452,0.532,OMA (2nd INNER LOOP),,,,,,
2026-08-09 12:00:00,surface pressure,111235,17651.514071114365,0.159,OMA (2nd INNER LOOP),,,,,,
2026-08-09 12:00:00,temperature,93019,31607.256740426754,0.34,OMA (2nd INNER LOOP),,,,,,
2026-08-09 12:00:00,wind,264678,104626.77224077418,0.395,OMA (2nd INNER LOOP),,,,,,
2026-08-09 12:00:00,moisture,42297,4151.259625526625,0.098,OMA (2nd INNER LOOP),,,,,,
2026-08-09 12:00:00,gps,254143,251506.79214135688,0.99,OMA (2nd INNER LOOP),,,,,,
2026-08-09 12:00:00,Jo Global,765372,409543.5948191988,0.535,OMA (AFTER 2nd OUTER LOOP),,,,,,
2026-08-09 18:00:00,surface pressure,109614,34101.186889778255,0.311,OMF,,,,,,
2026-08-09 18:00:00,temperature,35326,10883.040670988632,0.308,OMF,,,,,,
2026-08-09 18:00:00,wind,140254,46521.711837377494,0.332,OMF,,,,,,
2026-08-09 18:00:00,moisture,16828,3105.7605617119193,0.185,OMF,,,,,,
2026-08-09 18:00:00,gps,280651,538835.4428097993,1.92,OMF,,,,,,
2026-08-09 18:00:00,Jo Global,582673,633447.1427696557,1.087,OMF,,,,,,
2026-08-09 18:00:00,surface pressure,109614,34101.186889778255,0.311,OMF (1st INNER LOOP),,,,,,
2026-08-09 18:00:00,temperature,35326,10883.040670988632,0.308,OMF (1st INNER LOOP),,,,,,
2026-08-09 18:00:00,wind,140254,46521.711837377494,0.332,OMF (1st INNER LOOP),,,,,,
2026-08-09 18:00:00,moisture,16828,3105.7605617119193,0.185,OMF (1st INNER LOOP),,,,,,
2026-08-09 18:00:00,gps,280651,538835.4428097993,1.92,OMF (1st INNER LOOP),,,,,,
2026-08-09 18:00:00,Jo Global,582673,633447.1427696557,1.087,OMF (1st INNER LOOP),,,,,,
2026-08-09 18:00:00,surface pressure,109614,16048.183104291124,0.146,OMF (1st INNER LOOP),,,,,,
2026-08-09 18:00:00,temperature,35326,4810.677530033476,0.136,OMF (2nd INNER LOOP),,,,,,
2026-08-09 18:00:00,wind,140254,25620.276463630566,0.183,OMF (2nd INNER LOOP),,,,,,
2026-08-09 18:00:00,moisture,16828,973.8711748738777,0.058,OMF (2nd INNER LOOP),,,,,,
2026-08-09 18:00:00,gps,280651,273131.05703718896,0.973,OMF (2nd INNER LOOP),,,,,,
2026-08-09 18:00:00,Jo Global,582673,320584.065310018,0.55,OMF (2nd INNER LOOP),,,,,,
2026-08-09 18:00:00,surface pressure,109795,18030.47933364942,0.164,OMF (2nd INNER LOOP),,,,,,
2026-08-09 18:00:00,temperature,35326,5173.684398605409,0.146,OMF (2nd INNER LOOP),,,,,,
2026-08-09 18:00:00,wind,140356,26300.33339836194,0.187,OMA (AFTER 1st OUTER LOOP),,,,,,
2026-08-09 18:00:00,moisture,16828,1043.1904559998272,0.062,OMA (AFTER 1st OUTER LOOP),,,,,,
2026-08-09 18:00:00,gps,286068,294455.03211559437,1.029,OMA (AFTER 1st OUTER LOOP),,,,,,
2026-08-09 18:00:00,Jo Global,588373,345002.719702211,0.586,OMA (AFTER 1st OUTER LOOP),,,,,,
2026-08-09 18:00:00,surface pressure,109795,18030.47933364942,0.164,OMA (AFTER 1st OUTER LOOP),,,,,,
2026-08-09 18:00:00,temperature,35326,5173.684398605409,0.146,OMA (AFTER 1st OUTER LOOP),,,,,,
2026-08-09 18:00:00,wind,140356,26300.33339836194,0.187,OMA (AFTER 1st OUTER LOOP),,,,,,
2026-08-09 18:00:00,moisture,16828,1043.1904559998272,0.062,OMA (1st INNER LOOP),,,,,,
2026-08-09 18:00:00,gps,286068,294455.03211559437,1.029,OMA (1st INNER LOOP),,,,,,
2026-08-09 18:00:00,Jo Global,588373,345002.719702211,0.586,OMA (1st INNER LOOP),,,,,,
2026-08-09 18:00:00,surface pressure,109795,17314.83226482454,0.158,OMA (1st INNER LOOP),,,,,,
2026-08-09 18:00:00,temperature,35326,5127.177964988652,0.145,OMA (1st INNER LOOP),,,,,,
2026-08-09 18:00:00,wind,140356,26830.105688869957,0.191,OMA (1st INNER LOOP),,,,,,
2026-08-09 18:00:00,moisture,16828,991.2723091918386,0.059,OMA (1st INNER LOOP),,,,,,
2026-08-09 18:00:00,gps,286068,281939.771171523,0.986,OMA (2nd INNER LOOP),,,,,,
2026-08-09 18:00:00,Jo Global,588373,332203.159399398,0.565,OMA (2nd INNER LOOP),,,,,,
2026-08-09 18:00:00,surface pressure,109782,17050.24086722821,0.155,OMA (2nd INNER LOOP),,,,,,
2026-08-09 18:00:00,temperature,35326,5133.383846627629,0.145,OMA (2nd INNER LOOP),,,,,,
2026-08-09 18:00:00,wind,140346,26414.20128209833,0.188,OMA (2nd INNER LOOP),,,,,,
2026-08-09 18:00:00,moisture,16828,1010.4458954546591,0.06,OMA (2nd INNER LOOP),,,,,,
2026-08-09 18:00:00,gps,287419,288832.21863583033,1.005,OMA (2nd INNER LOOP),,,,,,
2026-08-09 18:00:00,Jo Global,589701,338440.49052723916,0.574,OMA (AFTER 2nd OUTER LOOP),,,,,,
2026-08-10 00:00:00,surface pressure,108983,34561.92902247721,0.317,OMF,,,,,,
2026-08-10 00:00:00,temperature,106208,84240.22899308865,0.793,OMF,,,,,,
2026-08-10 00:00:00,wind,307412,247933.59617871078,0.807,OMF,,,,,,
2026-08-10 00:00:00,moisture,46643,13308.427174462866,0.285,OMF,,,,,,
2026-08-10 00:00:00,gps,238361,458499.4294243651,1.924,OMF,,,,,,
2026-08-10 00:00:00,Jo Global,807607,838543.6107931046,1.038,OMF,,,,,,
2026-08-10 00:00:00,surface pressure,108983,34561.92902247721,0.317,OMF (1st INNER LOOP),,,,,,
2026-08-10 00:00:00,temperature,106208,84240.22899308865,0.793,OMF (1st INNER LOOP),,,,,,
2026-08-10 00:00:00,wind,307412,247933.59617871078,0.807,OMF (1st INNER LOOP),,,,,,
2026-08-10 00:00:00,moisture,46643,13308.427174462866,0.285,OMF (1st INNER LOOP),,,,,,
2026-08-10 00:00:00,gps,238361,458499.4294243651,1.924,OMF (1st INNER LOOP),,,,,,
2026-08-10 00:00:00,Jo Global,807607,838543.6107931046,1.038,OMF (1st INNER LOOP),,,,,,
2026-08-10 00:00:00,surface pressure,108983,16718.49592480139,0.153,OMF (1st INNER LOOP),,,,,,
2026-08-10 00:00:00,temperature,106208,36996.03729779752,0.348,OMF (2nd INNER LOOP),,,,,,
2026-08-10 00:00:00,wind,307412,122900.83441040956,0.4,OMF (2nd INNER LOOP),,,,,,
2026-08-10 00:00:00,moisture,46643,4486.901489508924,0.096,OMF (2nd INNER LOOP),,,,,,
2026-08-10 00:00:00,gps,238361,236822.38010598716,0.994,OMF (2nd INNER LOOP),,,,,,
2026-08-10 00:00:00,Jo Global,807607,417924.64922850457,0.517,OMF (2nd INNER LOOP),,,,,,
2026-08-10 00:00:00,surface pressure,109134,18155.77354858401,0.166,OMF (2nd INNER LOOP),,,,,,
2026-08-10 00:00:00,temperature,106216,37541.24617622928,0.353,OMF (2nd INNER LOOP),,,,,,
2026-08-10 00:00:00,wind,307762,125995.77745254515,0.409,OMA (AFTER 1st OUTER LOOP),,,,,,
2026-08-10 00:00:00,moisture,46643,4509.267345526981,0.097,OMA (AFTER 1st OUTER LOOP),,,,,,
2026-08-10 00:00:00,gps,242929,255307.78684143108,1.051,OMA (AFTER 1st OUTER LOOP),,,,,,
2026-08-10 00:00:00,Jo Global,812684,441509.85136431654,0.543,OMA (AFTER 1st OUTER LOOP),,,,,,
2026-08-10 00:00:00,surface pressure,109134,18155.77354858401,0.166,OMA (AFTER 1st OUTER LOOP),,,,,,
2026-08-10 00:00:00,temperature,106216,37541.24617622928,0.353,OMA (AFTER 1st OUTER LOOP),,,,,,
2026-08-10 00:00:00,wind,307762,125995.77745254515,0.409,OMA (AFTER 1st OUTER LOOP),,,,,,
2026-08-10 00:00:00,moisture,46643,4509.267345526981,0.097,OMA (1st INNER LOOP),,,,,,
2026-08-10 00:00:00,gps,242929,255307.78684143108,1.051,OMA (1st INNER LOOP),,,,,,
2026-08-10 00:00:00,Jo Global,812684,441509.85136431654,0.543,OMA (1st INNER LOOP),,,,,,
2026-08-10 00:00:00,surface pressure,109134,17691.285957570646,0.162,OMA (1st INNER LOOP),,,,,,
2026-08-10 00:00:00,temperature,106216,38289.652426597444,0.36,OMA (1st INNER LOOP),,,,,,
2026-08-10 00:00:00,wind,307762,127162.54735067963,0.413,OMA (1st INNER LOOP),,,,,,
2026-08-10 00:00:00,moisture,46643,4392.198443729725,0.094,OMA (1st INNER LOOP),,,,,,
2026-08-10 00:00:00,gps,242929,243871.72601159272,1.004,OMA (2nd INNER LOOP),,,,,,
2026-08-10 00:00:00,Jo Global,812684,431407.41019017017,0.531,OMA (2nd INNER LOOP),,,,,,
2026-08-10 00:00:00,surface pressure,109135,17744.103018488815,0.163,OMA (2nd INNER LOOP),,,,,,
2026-08-10 00:00:00,temperature,106211,37908.93475171194,0.357,OMA (2nd INNER LOOP),,,,,,
2026-08-10 00:00:00,wind,307694,126274.80820595517,0.41,OMA (2nd INNER LOOP),,,,,,
2026-08-10 00:00:00,moisture,46643,4409.939881328872,0.095,OMA (2nd INNER LOOP),,,,,,
2026-08-10 00:00:00,gps,244062,248490.4848361186,1.018,OMA (2nd INNER LOOP),,,,,,
2026-08-10 00:00:00,Jo Global,813745,434828.2706936034,0.534,OMA (AFTER 2nd OUTER LOOP),,,,,,
2026-08-10 06:00:00,surface pressure,109234,33064.22486597109,0.303,OMF,,,,,,
2026-08-10 06:00:00,temperature,32116,4833.720263596239,0.151,OMF,,,,,,
2026-08-10 06:00:00,wind,139952,37313.4509843896,0.267,OMF,,,,,,
2026-08-10 06:00:00,moisture,15475,2123.254256277243,0.137,OMF,,,,,,
2026-08-10 06:00:00,gps,223838,432845.0392469478,1.934,OMF,,,,,,
2026-08-10 06:00:00,Jo Global,520615,510179.68961718195,0.98,OMF,,,,,,
2026-08-10 06:00:00,surface pressure,109234,33064.22486597109,0.303,OMF (1st INNER LOOP),,,,,,
2026-08-10 06:00:00,temperature,32116,4833.720263596239,0.151,OMF (1st INNER LOOP),,,,,,
2026-08-10 06:00:00,wind,139952,37313.4509843896,0.267,OMF (1st INNER LOOP),,,,,,
2026-08-10 06:00:00,moisture,15475,2123.254256277243,0.137,OMF (1st INNER LOOP),,,,,,
2026-08-10 06:00:00,gps,223838,432845.0392469478,1.934,OMF (1st INNER LOOP),,,,,,
2026-08-10 06:00:00,Jo Global,520615,510179.68961718195,0.98,OMF (1st INNER LOOP),,,,,,
2026-08-10 06:00:00,surface pressure,109234,15392.483275492119,0.141,OMF (1st INNER LOOP),,,,,,
2026-08-10 06:00:00,temperature,32116,2639.027025478933,0.082,OMF (2nd INNER LOOP),,,,,,
2026-08-10 06:00:00,wind,139952,21017.008668525625,0.15,OMF (2nd INNER LOOP),,,,,,
2026-08-10 06:00:00,moisture,15475,934.5294839135909,0.06,OMF (2nd INNER LOOP),,,,,,
2026-08-10 06:00:00,gps,223838,217750.52708225133,0.973,OMF (2nd INNER LOOP),,,,,,
2026-08-10 06:00:00,Jo Global,520615,257733.5755356616,0.495,OMF (2nd INNER LOOP),,,,,,
2026-08-10 06:00:00,surface pressure,109366,17040.2616182477,0.156,OMF (2nd INNER LOOP),,,,,,
2026-08-10 06:00:00,temperature,32115,2650.388219314166,0.083,OMF (2nd INNER LOOP),,,,,,
2026-08-10 06:00:00,wind,140150,21322.843162851637,0.152,OMA (AFTER 1st OUTER LOOP),,,,,,
2026-08-10 06:00:00,moisture,15475,952.8907350017613,0.062,OMA (AFTER 1st OUTER LOOP),,,,,,
2026-08-10 06:00:00,gps,228134,236069.97705495465,1.035,OMA (AFTER 1st OUTER LOOP),,,,,,
2026-08-10 06:00:00,Jo Global,525240,278036.3607903699,0.529,OMA (AFTER 1st OUTER LOOP),,,,,,
2026-08-10 06:00:00,surface pressure,109366,17040.2616182477,0.156,OMA (AFTER 1st OUTER LOOP),,,,,,
2026-08-10 06:00:00,temperature,32115,2650.388219314166,0.083,OMA (AFTER 1st OUTER LOOP),,,,,,
2026-08-10 06:00:00,wind,140150,21322.843162851637,0.152,OMA (AFTER 1st OUTER LOOP),,,,,,
2026-08-10 06:00:00,moisture,15475,952.8907350017613,0.062,OMA (1st INNER LOOP),,,,,,
2026-08-10 06:00:00,gps,228134,236069.97705495465,1.035,OMA (1st INNER LOOP),,,,,,
2026-08-10 06:00:00,Jo Global,525240,278036.3607903699,0.529,OMA (1st INNER LOOP),,,,,,
2026-08-10 06:00:00,surface pressure,109366,16461.369125806606,0.151,OMA (1st INNER LOOP),,,,,,
2026-08-10 06:00:00,temperature,32115,2650.3066151465678,0.083,OMA (1st INNER LOOP),,,,,,
2026-08-10 06:00:00,wind,140150,21461.587488693644,0.153,OMA (1st INNER LOOP),,,,,,
2026-08-10 06:00:00,moisture,15475,932.0791866274743,0.06,OMA (1st INNER LOOP),,,,,,
2026-08-10 06:00:00,gps,228134,224645.91456845263,0.985,OMA (2nd INNER LOOP),,,,,,
2026-08-10 06:00:00,Jo Global,525240,266151.25698472693,0.507,OMA (2nd INNER LOOP),,,,,,
2026-08-10 06:00:00,surface pressure,109367,16402.092206554073,0.15,OMA (2nd INNER LOOP),,,,,,
2026-08-10 06:00:00,temperature,32115,2648.6869719326805,0.082,OMA (2nd INNER LOOP),,,,,,
2026-08-10 06:00:00,wind,140146,21405.947575032515,0.153,OMA (2nd INNER LOOP),,,,,,
2026-08-10 06:00:00,moisture,15475,937.599752036829,0.061,OMA (2nd INNER LOOP),,,,,,
2026-08-10 06:00:00,gps,229207,229732.28286494475,1.002,OMA (2nd INNER LOOP),,,,,,
2026-08-10 06:00:00,Jo Global,526310,271126.60937050084,0.515,OMA (AFTER 2nd OUTER LOOP),,,,,,
2026-08-10 12:00:00,surface pressure,112649,37718.639649614415,0.335,OMF,,,,,,
2026-08-10 12:00:00,temperature,98911,78577.52037357031,0.794,OMF,,,,,,
2026-08-10 12:00:00,wind,269816,218966.3513577064,0.812,OMF,,,,,,
2026-08-10 12:00:00,moisture,44617,13265.894606922258,0.297,OMF,,,,,,
2026-08-10 12:00:00,gps,264082,513860.84411831014,1.946,OMF,,,,,,
2026-08-10 12:00:00,Jo Global,790075,862389.2501061235,1.092,OMF,,,,,,
2026-08-10 12:00:00,surface pressure,112649,37718.639649614415,0.335,OMF (1st INNER LOOP),,,,,,
2026-08-10 12:00:00,temperature,98911,78577.52037357031,0.794,OMF (1st INNER LOOP),,,,,,
2026-08-10 12:00:00,wind,269816,218966.3513577064,0.812,OMF (1st INNER LOOP),,,,,,
2026-08-10 12:00:00,moisture,44617,13265.894606922258,0.297,OMF (1st INNER LOOP),,,,,,
2026-08-10 12:00:00,gps,264082,513860.84411831014,1.946,OMF (1st INNER LOOP),,,,,,
2026-08-10 12:00:00,Jo Global,790075,862389.2501061235,1.092,OMF (1st INNER LOOP),,,,,,
2026-08-10 12:00:00,surface pressure,112649,16345.09136419405,0.145,OMF (1st INNER LOOP),,,,,,
2026-08-10 12:00:00,temperature,98911,33845.6535226472,0.342,OMF (2nd INNER LOOP),,,,,,
2026-08-10 12:00:00,wind,269816,106816.998347713,0.396,OMF (2nd INNER LOOP),,,,,,
2026-08-10 12:00:00,moisture,44617,4255.607732667171,0.095,OMF (2nd INNER LOOP),,,,,,
2026-08-10 12:00:00,gps,264082,266324.2107464512,1.008,OMF (2nd INNER LOOP),,,,,,
2026-08-10 12:00:00,Jo Global,790075,427587.56171367265,0.541,OMF (2nd INNER LOOP),,,,,,
2026-08-10 12:00:00,surface pressure,112752,17375.701503924556,0.154,OMF (2nd INNER LOOP),,,,,,
2026-08-10 12:00:00,temperature,98917,34736.67959078972,0.351,OMF (2nd INNER LOOP),,,,,,
2026-08-10 12:00:00,wind,269994,108390.6886360014,0.401,OMA (AFTER 1st OUTER LOOP),,,,,,
2026-08-10 12:00:00,moisture,44617,4358.227208594612,0.098,OMA (AFTER 1st OUTER LOOP),,,,,,
2026-08-10 12:00:00,gps,269047,284830.81511295977,1.059,OMA (AFTER 1st OUTER LOOP),,,,,,
2026-08-10 12:00:00,Jo Global,795327,449692.1120522701,0.565,OMA (AFTER 1st OUTER LOOP),,,,,,
2026-08-10 12:00:00,surface pressure,112752,17375.701503924556,0.154,OMA (AFTER 1st OUTER LOOP),,,,,,
2026-08-10 12:00:00,temperature,98917,34736.67959078972,0.351,OMA (AFTER 1st OUTER LOOP),,,,,,
2026-08-10 12:00:00,wind,269994,108390.6886360014,0.401,OMA (AFTER 1st OUTER LOOP),,,,,,
2026-08-10 12:00:00,moisture,44617,4358.227208594612,0.098,OMA (1st INNER LOOP),,,,,,
2026-08-10 12:00:00,gps,269047,284830.81511295977,1.059,OMA (1st INNER LOOP),,,,,,
2026-08-10 12:00:00,Jo Global,795327,449692.1120522701,0.565,OMA (1st INNER LOOP),,,,,,
2026-08-10 12:00:00,surface pressure,112752,17061.324598718587,0.151,OMA (1st INNER LOOP),,,,,,
2026-08-10 12:00:00,temperature,98917,36830.40824996771,0.372,OMA (1st INNER LOOP),,,,,,
2026-08-10 12:00:00,wind,269994,109033.85174566,0.404,OMA (1st INNER LOOP),,,,,,
2026-08-10 12:00:00,moisture,44617,4154.5426303723325,0.093,OMA (1st INNER LOOP),,,,,,
2026-08-10 12:00:00,gps,269047,272403.2805649614,1.012,OMA (2nd INNER LOOP),,,,,,
2026-08-10 12:00:00,Jo Global,795327,439483.40778968,0.553,OMA (2nd INNER LOOP),,,,,,
2026-08-10 12:00:00,surface pressure,112734,16783.138889191367,0.149,OMA (2nd INNER LOOP),,,,,,
2026-08-10 12:00:00,temperature,98902,34590.31449871487,0.35,OMA (2nd INNER LOOP),,,,,,
2026-08-10 12:00:00,wind,269990,108830.92513240188,0.403,OMA (2nd INNER LOOP),,,,,,
2026-08-10 12:00:00,moisture,44617,4232.335016054929,0.095,OMA (2nd INNER LOOP),,,,,,
2026-08-10 12:00:00,gps,270285,277241.01964852714,1.026,OMA (2nd INNER LOOP),,,,,,
2026-08-10 12:00:00,Jo Global,796528,441677.7331848902,0.555,OMA (AFTER 2nd OUTER LOOP),,,,,,
2026-08-10 18:00:00,surface pressure,110599,35382.675429490046,0.32,OMF,,,,,,
2026-08-10 18:00:00,temperature,33366,10152.144151676208,0.304,OMF,,,,,,
2026-08-10 18:00:00,wind,141674,51855.02645741211,0.366,OMF,,,,,,
2026-08-10 18:00:00,moisture,17383,3235.7291704602026,0.186,OMF,,,,,,
2026-08-10 18:00:00,gps,279019,528895.5023884866,1.896,OMF,,,,,,
2026-08-10 18:00:00,Jo Global,582041,629521.0775975252,1.082,OMF,,,,,,
2026-08-10 18:00:00,surface pressure,110599,35382.675429490046,0.32,OMF (1st INNER LOOP),,,,,,
2026-08-10 18:00:00,temperature,33366,10152.144151676208,0.304,OMF (1st INNER LOOP),,,,,,
2026-08-10 18:00:00,wind,141674,51855.02645741211,0.366,OMF (1st INNER LOOP),,,,,,
2026-08-10 18:00:00,moisture,17383,3235.7291704602026,0.186,OMF (1st INNER LOOP),,,,,,
2026-08-10 18:00:00,gps,279019,528895.5023884866,1.896,OMF (1st INNER LOOP),,,,,,
2026-08-10 18:00:00,Jo Global,582041,629521.0775975252,1.082,OMF (1st INNER LOOP),,,,,,
2026-08-10 18:00:00,surface pressure,110599,15609.911396052348,0.141,OMF (1st INNER LOOP),,,,,,
2026-08-10 18:00:00,temperature,33366,4732.81598015081,0.142,OMF (2nd INNER LOOP),,,,,,
2026-08-10 18:00:00,wind,141674,29046.87231857468,0.205,OMF (2nd INNER LOOP),,,,,,
2026-08-10 18:00:00,moisture,17383,1025.7835449153617,0.059,OMF (2nd INNER LOOP),,,,,,
2026-08-10 18:00:00,gps,279019,258644.5288468486,0.927,OMF (2nd INNER LOOP),,,,,,
2026-08-10 18:00:00,Jo Global,582041,309059.9120865418,0.531,OMF (2nd INNER LOOP),,,,,,
2026-08-10 18:00:00,surface pressure,110787,17180.680065776214,0.155,OMF (2nd INNER LOOP),,,,,,
2026-08-10 18:00:00,temperature,33366,5097.787162935,0.153,OMF (2nd INNER LOOP),,,,,,
2026-08-10 18:00:00,wind,141812,29427.800192946983,0.208,OMA (AFTER 1st OUTER LOOP),,,,,,
2026-08-10 18:00:00,moisture,17383,1083.4931837453078,0.062,OMA (AFTER 1st OUTER LOOP),,,,,,
2026-08-10 18:00:00,gps,284293,280010.21539974934,0.985,OMA (AFTER 1st OUTER LOOP),,,,,,
2026-08-10 18:00:00,Jo Global,587641,332799.9760051528,0.566,OMA (AFTER 1st OUTER LOOP),,,,,,
2026-08-10 18:00:00,surface pressure,110787,17180.680065776214,0.155,OMA (AFTER 1st OUTER LOOP),,,,,,
2026-08-10 18:00:00,temperature,33366,5097.787162935,0.153,OMA (AFTER 1st OUTER LOOP),,,,,,
2026-08-10 18:00:00,wind,141812,29427.800192946983,0.208,OMA (AFTER 1st OUTER LOOP),,,,,,
2026-08-10 18:00:00,moisture,17383,1083.4931837453078,0.062,OMA (1st INNER LOOP),,,,,,
2026-08-10 18:00:00,gps,284293,280010.21539974934,0.985,OMA (1st INNER LOOP),,,,,,
2026-08-10 18:00:00,Jo Global,587641,332799.9760051528,0.566,OMA (1st INNER LOOP),,,,,,
2026-08-10 18:00:00,surface pressure,110787,16671.979809018423,0.15,OMA (1st INNER LOOP),,,,,,
2026-08-10 18:00:00,temperature,33366,5034.644801978969,0.151,OMA (1st INNER LOOP),,,,,,
2026-08-10 18:00:00,wind,141812,29656.709173480085,0.209,OMA (1st INNER LOOP),,,,,,
2026-08-10 18:00:00,moisture,17383,1037.421453382112,0.06,OMA (1st INNER LOOP),,,,,,
2026-08-10 18:00:00,gps,284293,266951.867286171,0.939,OMA (2nd INNER LOOP),,,,,,
2026-08-10 18:00:00,Jo Global,587641,319352.6225240306,0.543,OMA (2nd INNER LOOP),,,,,,
2026-08-10 18:00:00,surface pressure,110754,15952.305801678898,0.144,OMA (2nd INNER LOOP),,,,,,
2026-08-10 18:00:00,temperature,33366,5022.484532263001,0.151,OMA (2nd INNER LOOP),,,,,,
2026-08-10 18:00:00,wind,141816,29565.137035230124,0.208,OMA (2nd INNER LOOP),,,,,,
2026-08-10 18:00:00,moisture,17383,1046.2808148492616,0.06,OMA (2nd INNER LOOP),,,,,,
2026-08-10 18:00:00,gps,285720,274344.92203167826,0.96,OMA (2nd INNER LOOP),,,,,,
2026-08-10 18:00:00,Jo Global,589039,325931.13021569955,0.553,OMA (AFTER 2nd OUTER LOOP),,,,,,
2026-08-11 00:00:00,surface pressure,109072,37777.92535969208,0.346,OMF,,,,,,
2026-08-11 00:00:00,temperature,105081,83772.51495409862,0.797,OMF,,,,,,
2026-08-11 00:00:00,wind,306356,237355.8837198223,0.775,OMF,,,,,,
2026-08-11 00:00:00,moisture,47154,14214.33382824082,0.301,OMF,,,,,,
2026-08-11 00:00:00,gps,291903,538605.2204775114,1.845,OMF,,,,,,
2026-08-11 00:00:00,Jo Global,859566,911725.8783393652,1.061,OMF,,,,,,
2026-08-11 00:00:00,surface pressure,109072,37777.92535969208,0.346,OMF (1st INNER LOOP),,,,,,
2026-08-11 00:00:00,temperature,105081,83772.51495409862,0.797,OMF (1st INNER LOOP),,,,,,
2026-08-11 00:00:00,wind,306356,237355.8837198223,0.775,OMF (1st INNER LOOP),,,,,,
2026-08-11 00:00:00,moisture,47154,14214.33382824082,0.301,OMF (1st INNER LOOP),,,,,,
2026-08-11 00:00:00,gps,291903,538605.2204775114,1.845,OMF (1st INNER LOOP),,,,,,
2026-08-11 00:00:00,Jo Global,859566,911725.8783393652,1.061,OMF (1st INNER LOOP),,,,,,
2026-08-11 00:00:00,surface pressure,109072,15554.68370520094,0.143,OMF (1st INNER LOOP),,,,,,
2026-08-11 00:00:00,temperature,105081,36062.21529861625,0.343,OMF (2nd INNER LOOP),,,,,,
2026-08-11 00:00:00,wind,306356,120915.90902548192,0.395,OMF (2nd INNER LOOP),,,,,,
2026-08-11 00:00:00,moisture,47154,4731.294393575767,0.1,OMF (2nd INNER LOOP),,,,,,
2026-08-11 00:00:00,gps,291903,277494.7346900296,0.951,OMF (2nd INNER LOOP),,,,,,
2026-08-11 00:00:00,Jo Global,859566,454758.83711290447,0.529,OMF (2nd INNER LOOP),,,,,,
2026-08-11 00:00:00,surface pressure,109252,17321.00152792967,0.159,OMF (2nd INNER LOOP),,,,,,
2026-08-11 00:00:00,temperature,105086,36664.76160739756,0.349,OMF (2nd INNER LOOP),,,,,,
2026-08-11 00:00:00,wind,306760,123179.1791964918,0.402,OMA (AFTER 1st OUTER LOOP),,,,,,
2026-08-11 00:00:00,moisture,47154,4711.071112030525,0.1,OMA (AFTER 1st OUTER LOOP),,,,,,
2026-08-11 00:00:00,gps,297797,295896.3695072396,0.994,OMA (AFTER 1st OUTER LOOP),,,,,,
2026-08-11 00:00:00,Jo Global,866049,477772.3829510892,0.552,OMA (AFTER 1st OUTER LOOP),,,,,,
2026-08-11 00:00:00,surface pressure,109252,17321.00152792967,0.159,OMA (AFTER 1st OUTER LOOP),,,,,,
2026-08-11 00:00:00,temperature,105086,36664.76160739756,0.349,OMA (AFTER 1st OUTER LOOP),,,,,,
2026-08-11 00:00:00,wind,306760,123179.1791964918,0.402,OMA (AFTER 1st OUTER LOOP),,,,,,
2026-08-11 00:00:00,moisture,47154,4711.071112030525,0.1,OMA (1st INNER LOOP),,,,,,
2026-08-11 00:00:00,gps,297797,295896.3695072396,0.994,OMA (1st INNER LOOP),,,,,,
2026-08-11 00:00:00,Jo Global,866049,477772.3829510892,0.552,OMA (1st INNER LOOP),,,,,,
2026-08-11 00:00:00,surface pressure,109252,16585.125492783398,0.152,OMA (1st INNER LOOP),,,,,,
2026-08-11 00:00:00,temperature,105086,37272.93446732292,0.355,OMA (1st INNER LOOP),,,,,,
2026-08-11 00:00:00,wind,306760,123515.2903764799,0.403,OMA (1st INNER LOOP),,,,,,
2026-08-11 00:00:00,moisture,47154,4564.600654779974,0.097,OMA (1st INNER LOOP),,,,,,
2026-08-11 00:00:00,gps,297797,283463.1014770529,0.952,OMA (2nd INNER LOOP),,,,,,
2026-08-11 00:00:00,Jo Global,866049,465401.0524684191,0.537,OMA (2nd INNER LOOP),,,,,,
2026-08-11 00:00:00,surface pressure,109250,16671.36929421153,0.153,OMA (2nd INNER LOOP),,,,,,
2026-08-11 00:00:00,temperature,105082,37030.008015172985,0.352,OMA (2nd INNER LOOP),,,,,,
2026-08-11 00:00:00,wind,306772,123227.89005430698,0.402,OMA (2nd INNER LOOP),,,,,,
2026-08-11 00:00:00,moisture,47154,4586.648739080084,0.097,OMA (2nd INNER LOOP),,,,,,
2026-08-11 00:00:00,gps,299204,287767.44268129504,0.962,OMA (2nd INNER LOOP),,,,,,
2026-08-11 00:00:00,Jo Global,867462,469283.35878406663,0.541,OMA (AFTER 2nd OUTER LOOP),,,,,,
2026-08-11 06:00:00,surface pressure,106043,33151.809385407076,0.313,OMF,,,,,,
2026-08-11 06:00:00,temperature,26516,5376.780516692751,0.203,OMF,,,,,,
2026-08-11 06:00:00,wind,140660,38460.0879528586,0.273,OMF,,,,,,
2026-08-11 06:00:00,moisture,12744,1786.7925604370596,0.14,OMF,,,,,,
2026-08-11 06:00:00,gps,310493,592862.8937164163,1.909,OMF,,,,,,
2026-08-11 06:00:00,Jo Global,596456,671638.3641318118,1.126,OMF,,,,,,
2026-08-11 06:00:00,surface pressure,106043,33151.809385407076,0.313,OMF (1st INNER LOOP),,,,,,
2026-08-11 06:00:00,temperature,26516,5376.780516692751,0.203,OMF (1st INNER LOOP),,,,,,
2026-08-11 06:00:00,wind,140660,38460.0879528586,0.273,OMF (1st INNER LOOP),,,,,,
2026-08-11 06:00:00,moisture,12744,1786.7925604370596,0.14,OMF (1st INNER LOOP),,,,,,
2026-08-11 06:00:00,gps,310493,592862.8937164163,1.909,OMF (1st INNER LOOP),,,,,,
2026-08-11 06:00:00,Jo Global,596456,671638.3641318118,1.126,OMF (1st INNER LOOP),,,,,,
2026-08-11 06:00:00,surface pressure,106043,15307.146857220541,0.144,OMF (1st INNER LOOP),,,,,,
2026-08-11 06:00:00,temperature,26516,3028.548238124878,0.114,OMF (2nd INNER LOOP),,,,,,
2026-08-11 06:00:00,wind,140660,21854.39863648255,0.155,OMF (2nd INNER LOOP),,,,,,
2026-08-11 06:00:00,moisture,12744,798.612235315264,0.063,OMF (2nd INNER LOOP),,,,,,
2026-08-11 06:00:00,gps,310493,304685.30291314,0.981,OMF (2nd INNER LOOP),,,,,,
2026-08-11 06:00:00,Jo Global,596456,345674.0088802832,0.58,OMF (2nd INNER LOOP),,,,,,
2026-08-11 06:00:00,surface pressure,106179,17061.83599800953,0.161,OMF (2nd INNER LOOP),,,,,,
2026-08-11 06:00:00,temperature,26516,3067.918275622477,0.116,OMF (2nd INNER LOOP),,,,,,
2026-08-11 06:00:00,wind,140854,22405.82112864459,0.159,OMA (AFTER 1st OUTER LOOP),,,,,,
2026-08-11 06:00:00,moisture,12744,801.0015231297114,0.063,OMA (AFTER 1st OUTER LOOP),,,,,,
2026-08-11 06:00:00,gps,316250,329354.790472936,1.041,OMA (AFTER 1st OUTER LOOP),,,,,,
2026-08-11 06:00:00,Jo Global,602543,372691.3673983423,0.619,OMA (AFTER 1st OUTER LOOP),,,,,,
2026-08-11 06:00:00,surface pressure,106179,17061.83599800953,0.161,OMA (AFTER 1st OUTER LOOP),,,,,,
2026-08-11 06:00:00,temperature,26516,3067.918275622477,0.116,OMA (AFTER 1st OUTER LOOP),,,,,,
2026-08-11 06:00:00,wind,140854,22405.82112864459,0.159,OMA (AFTER 1st OUTER LOOP),,,,,,
2026-08-11 06:00:00,moisture,12744,801.0015231297114,0.063,OMA (1st INNER LOOP),,,,,,
2026-08-11 06:00:00,gps,316250,329354.790472936,1.041,OMA (1st INNER LOOP),,,,,,
2026-08-11 06:00:00,Jo Global,602543,372691.3673983423,0.619,OMA (1st INNER LOOP),,,,,,
2026-08-11 06:00:00,surface pressure,106179,16788.9603350672,0.158,OMA (1st INNER LOOP),,,,,,
2026-08-11 06:00:00,temperature,26516,3078.0031583552354,0.116,OMA (1st INNER LOOP),,,,,,
2026-08-11 06:00:00,wind,140854,22806.83502339737,0.162,OMA (1st INNER LOOP),,,,,,
2026-08-11 06:00:00,moisture,12744,791.7401880673293,0.062,OMA (1st INNER LOOP),,,,,,
2026-08-11 06:00:00,gps,316250,314536.23874664184,0.995,OMA (2nd INNER LOOP),,,,,,
2026-08-11 06:00:00,Jo Global,602543,358001.777451529,0.594,OMA (2nd INNER LOOP),,,,,,
2026-08-11 06:00:00,surface pressure,106162,16515.57422897418,0.156,OMA (2nd INNER LOOP),,,,,,
2026-08-11 06:00:00,temperature,26516,3083.28361628465,0.116,OMA (2nd INNER LOOP),,,,,,
2026-08-11 06:00:00,wind,140842,22666.45724286267,0.161,OMA (2nd INNER LOOP),,,,,,
2026-08-11 06:00:00,moisture,12744,793.7213493913815,0.062,OMA (2nd INNER LOOP),,,,,,
2026-08-11 06:00:00,gps,317855,321919.1437918169,1.013,OMA (2nd INNER LOOP),,,,,,
2026-08-11 06:00:00,Jo Global,604119,364978.18022932974,0.604,OMA (AFTER 2nd OUTER LOOP),,,,,,
2026-08-11 12:00:00,surface pressure,111956,39110.36832000748,0.349,OMF,,,,,,
2026-08-11 12:00:00,temperature,99000,76600.09675355774,0.774,OMF,,,,,,
2026-08-11 12:00:00,wind,280278,219898.69334917451,0.785,OMF,,,,,,
2026-08-11 12:00:00,moisture,44234,14524.67663607133,0.328,OMF,,,,,,
2026-08-11 12:00:00,gps,271463,527048.7231651371,1.942,OMF,,,,,,
2026-08-11 12:00:00,Jo Global,806931,877182.5582239481,1.087,OMF,,,,,,
2026-08-11 12:00:00,surface pressure,111956,39110.36832000748,0.349,OMF (1st INNER LOOP),,,,,,
2026-08-11 12:00:00,temperature,99000,76600.09675355774,0.774,OMF (1st INNER LOOP),,,,,,
2026-08-11 12:00:00,wind,280278,219898.69334917451,0.785,OMF (1st INNER LOOP),,,,,,
2026-08-11 12:00:00,moisture,44234,14524.67663607133,0.328,OMF (1st INNER LOOP),,,,,,
2026-08-11 12:00:00,gps,271463,527048.7231651371,1.942,OMF (1st INNER LOOP),,,,,,
2026-08-11 12:00:00,Jo Global,806931,877182.5582239481,1.087,OMF (1st INNER LOOP),,,,,,
2026-08-11 12:00:00,surface pressure,111956,15539.635948714173,0.139,OMF (1st INNER LOOP),,,,,,
2026-08-11 12:00:00,temperature,99000,33339.63577818322,0.337,OMF (2nd INNER LOOP),,,,,,
2026-08-11 12:00:00,wind,280278,107213.9916569664,0.383,OMF (2nd INNER LOOP),,,,,,
2026-08-11 12:00:00,moisture,44234,4752.668008182024,0.107,OMF (2nd INNER LOOP),,,,,,
2026-08-11 12:00:00,gps,271463,276714.0296609876,1.019,OMF (2nd INNER LOOP),,,,,,
2026-08-11 12:00:00,Jo Global,806931,437559.9610530334,0.542,OMF (2nd INNER LOOP),,,,,,
2026-08-11 12:00:00,surface pressure,112132,17389.31056469348,0.155,OMF (2nd INNER LOOP),,,,,,
2026-08-11 12:00:00,temperature,99007,34001.227477207656,0.343,OMF (2nd INNER LOOP),,,,,,
2026-08-11 12:00:00,wind,280450,109349.15090396671,0.39,OMA (AFTER 1st OUTER LOOP),,,,,,
2026-08-11 12:00:00,moisture,44234,4745.91726467686,0.107,OMA (AFTER 1st OUTER LOOP),,,,,,
2026-08-11 12:00:00,gps,277039,301565.9613661872,1.089,OMA (AFTER 1st OUTER LOOP),,,,,,
2026-08-11 12:00:00,Jo Global,812862,467051.5675767319,0.575,OMA (AFTER 1st OUTER LOOP),,,,,,
2026-08-11 12:00:00,surface pressure,112132,17389.31056469348,0.155,OMA (AFTER 1st OUTER LOOP),,,,,,
2026-08-11 12:00:00,temperature,99007,34001.227477207656,0.343,OMA (AFTER 1st OUTER LOOP),,,,,,
2026-08-11 12:00:00,wind,280450,109349.15090396671,0.39,OMA (AFTER 1st OUTER LOOP),,,,,,
2026-08-11 12:00:00,moisture,44234,4745.91726467686,0.107,OMA (1st INNER LOOP),,,,,,
2026-08-11 12:00:00,gps,277039,301565.9613661872,1.089,OMA (1st INNER LOOP),,,,,,
2026-08-11 12:00:00,Jo Global,812862,467051.5675767319,0.575,OMA (1st INNER LOOP),,,,,,
2026-08-11 12:00:00,surface pressure,112132,16767.851323864783,0.15,OMA (1st INNER LOOP),,,,,,
2026-08-11 12:00:00,temperature,99007,34480.630769997486,0.348,OMA (1st INNER LOOP),,,,,,
2026-08-11 12:00:00,wind,280450,109913.2937608626,0.392,OMA (1st INNER LOOP),,,,,,
2026-08-11 12:00:00,moisture,44234,4602.203484547154,0.104,OMA (1st INNER LOOP),,,,,,
2026-08-11 12:00:00,gps,277039,286515.2501700908,1.034,OMA (2nd INNER LOOP),,,,,,
2026-08-11 12:00:00,Jo Global,812862,452279.2295093628,0.556,OMA (2nd INNER LOOP),,,,,,
2026-08-11 12:00:00,surface pressure,112120,16529.333801434044,0.147,OMA (2nd INNER LOOP),,,,,,
2026-08-11 12:00:00,temperature,99005,34326.03393151004,0.347,OMA (2nd INNER LOOP),,,,,,
2026-08-11 12:00:00,wind,280430,109219.62391612087,0.389,OMA (2nd INNER LOOP),,,,,,
2026-08-11 12:00:00,moisture,44234,4606.251708888164,0.104,OMA (2nd INNER LOOP),,,,,,
2026-08-11 12:00:00,gps,278397,291954.80089352484,1.049,OMA (2nd INNER LOOP),,,,,,
2026-08-11 12:00:00,Jo Global,814186,456636.044251478,0.561,OMA (AFTER 2nd OUTER LOOP),,,,,,
2026-08-11 18:00:00,surface pressure,109651,34291.984906861806,0.313,OMF,,,,,,
2026-08-11 18:00:00,temperature,39060,14252.469742879874,0.365,OMF,,,,,,
2026-08-11 18:00:00,wind,147950,55888.64579320369,0.378,OMF,,,,,,
2026-08-11 18:00:00,moisture,19536,4895.973803341067,0.251,OMF,,,,,,
2026-08-11 18:00:00,gps,231863,440784.6888959617,1.901,OMF,,,,,,
2026-08-11 18:00:00,Jo Global,548060,550113.763142248,1.004,OMF,,,,,,
2026-08-11 18:00:00,surface pressure,109651,34291.984906861806,0.313,OMF (1st INNER LOOP),,,,,,
2026-08-11 18:00:00,temperature,39060,14252.469742879874,0.365,OMF (1st INNER LOOP),,,,,,
2026-08-11 18:00:00,wind,147950,55888.64579320369,0.378,OMF (1st INNER LOOP),,,,,,
2026-08-11 18:00:00,moisture,19536,4895.973803341067,0.251,OMF (1st INNER LOOP),,,,,,
2026-08-11 18:00:00,gps,231863,440784.6888959617,1.901,OMF (1st INNER LOOP),,,,,,
2026-08-11 18:00:00,Jo Global,548060,550113.763142248,1.004,OMF (1st INNER LOOP),,,,,,
2026-08-11 18:00:00,surface pressure,109651,15132.175015448123,0.138,OMF (1st INNER LOOP),,,,,,
2026-08-11 18:00:00,temperature,39060,5437.75477197837,0.139,OMF (2nd INNER LOOP),,,,,,
2026-08-11 18:00:00,wind,147950,29089.13083783013,0.197,OMF (2nd INNER LOOP),,,,,,
2026-08-11 18:00:00,moisture,19536,1341.9640101254652,0.069,OMF (2nd INNER LOOP),,,,,,
2026-08-11 18:00:00,gps,231863,220575.78998868747,0.951,OMF (2nd INNER LOOP),,,,,,
2026-08-11 18:00:00,Jo Global,548060,271576.81462406955,0.496,OMF (2nd INNER LOOP),,,,,,
2026-08-11 18:00:00,surface pressure,109871,16667.241949945263,0.152,OMF (2nd INNER LOOP),,,,,,
2026-08-11 18:00:00,temperature,39054,5933.693661168396,0.152,OMF (2nd INNER LOOP),,,,,,
2026-08-11 18:00:00,wind,148044,29334.347700956587,0.198,OMA (AFTER 1st OUTER LOOP),,,,,,
2026-08-11 18:00:00,moisture,19536,1347.9403267861235,0.069,OMA (AFTER 1st OUTER LOOP),,,,,,
2026-08-11 18:00:00,gps,236290,240827.96694356954,1.019,OMA (AFTER 1st OUTER LOOP),,,,,,
2026-08-11 18:00:00,Jo Global,552795,294111.1905824259,0.532,OMA (AFTER 1st OUTER LOOP),,,,,,
2026-08-11 18:00:00,surface pressure,109871,16667.241949945263,0.152,OMA (AFTER 1st OUTER LOOP),,,,,,
2026-08-11 18:00:00,temperature,39054,5933.693661168396,0.152,OMA (AFTER 1st OUTER LOOP),,,,,,
2026-08-11 18:00:00,wind,148044,29334.347700956587,0.198,OMA (AFTER 1st OUTER LOOP),,,,,,
2026-08-11 18:00:00,moisture,19536,1347.9403267861235,0.069,OMA (1st INNER LOOP),,,,,,
2026-08-11 18:00:00,gps,236290,240827.96694356954,1.019,OMA (1st INNER LOOP),,,,,,
2026-08-11 18:00:00,Jo Global,552795,294111.1905824259,0.532,OMA (1st INNER LOOP),,,,,,
2026-08-11 18:00:00,surface pressure,109871,16121.132709724194,0.147,OMA (1st INNER LOOP),,,,,,
2026-08-11 18:00:00,temperature,39054,5798.879277251717,0.148,OMA (1st INNER LOOP),,,,,,
2026-08-11 18:00:00,wind,148044,29598.719954992666,0.2,OMA (1st INNER LOOP),,,,,,
2026-08-11 18:00:00,moisture,19536,1318.6733565043537,0.067,OMA (1st INNER LOOP),,,,,,
2026-08-11 18:00:00,gps,236290,228861.9882166253,0.969,OMA (2nd INNER LOOP),,,,,,
2026-08-11 18:00:00,Jo Global,552795,281699.39351509826,0.51,OMA (2nd INNER LOOP),,,,,,
2026-08-11 18:00:00,surface pressure,109870,16106.472707032091,0.147,OMA (2nd INNER LOOP),,,,,,
2026-08-11 18:00:00,temperature,39053,5794.770222641574,0.148,OMA (2nd INNER LOOP),,,,,,
2026-08-11 18:00:00,wind,148044,29596.91087477554,0.2,OMA (2nd INNER LOOP),,,,,,
2026-08-11 18:00:00,moisture,19536,1325.0548419940292,0.068,OMA (2nd INNER LOOP),,,,,,
2026-08-11 18:00:00,gps,237372,233200.58259542414,0.982,OMA (2nd INNER LOOP),,,,,,
2026-08-11 18:00:00,Jo Global,553875,286023.7912418674,0.516,OMA (AFTER 2nd OUTER LOOP),,,,,,
2026-08-12 00:00:00,surface pressure,108588,36232.29133146881,0.334,OMF,,,,,,
2026-08-12 00:00:00,temperature,106127,80299.4427027039,0.757,OMF,,,,,,
2026-08-12 00:00:00,wind,305000,233695.38359767254,0.766,OMF,,,,,,
2026-08-12 00:00:00,moisture,48588,14733.771131559097,0.303,OMF,,,,,,
2026-08-12 00:00:00,gps,241649,447647.0183585441,1.852,OMF,,,,,,
2026-08-12 00:00:00,Jo Global,809952,812607.9071219484,1.003,OMF,,,,,,
2026-08-12 00:00:00,surface pressure,108588,36232.29133146881,0.334,OMF (1st INNER LOOP),,,,,,
2026-08-12 00:00:00,temperature,106127,80299.4427027039,0.757,OMF (1st INNER LOOP),,,,,,
2026-08-12 00:00:00,wind,305000,233695.38359767254,0.766,OMF (1st INNER LOOP),,,,,,
2026-08-12 00:00:00,moisture,48588,14733.771131559097,0.303,OMF (1st INNER LOOP),,,,,,
2026-08-12 00:00:00,gps,241649,447647.0183585441,1.852,OMF (1st INNER LOOP),,,,,,
2026-08-12 00:00:00,Jo Global,809952,812607.9071219484,1.003,OMF (1st INNER LOOP),,,,,,
2026-08-12 00:00:00,surface pressure,108588,14789.308389044674,0.136,OMF (1st INNER LOOP),,,,,,
2026-08-12 00:00:00,temperature,106127,37327.43484582997,0.352,OMF (2nd INNER LOOP),,,,,,
2026-08-12 00:00:00,wind,305000,117120.93324303563,0.384,OMF (2nd INNER LOOP),,,,,,
2026-08-12 00:00:00,moisture,48588,5046.119532651155,0.104,OMF (2nd INNER LOOP),,,,,,
2026-08-12 00:00:00,gps,241649,227010.03067305702,0.939,OMF (2nd INNER LOOP),,,,,,
2026-08-12 00:00:00,Jo Global,809952,401293.8266836185,0.495,OMF (2nd INNER LOOP),,,,,,
2026-08-12 00:00:00,surface pressure,108925,16474.442241393765,0.151,OMF (2nd INNER LOOP),,,,,,
2026-08-12 00:00:00,temperature,106130,37774.55645889481,0.356,OMF (2nd INNER LOOP),,,,,,
2026-08-12 00:00:00,wind,305320,119159.8042556758,0.39,OMA (AFTER 1st OUTER LOOP),,,,,,
2026-08-12 00:00:00,moisture,48588,5042.303023096949,0.104,OMA (AFTER 1st OUTER LOOP),,,,,,
2026-08-12 00:00:00,gps,246380,243661.32696835868,0.989,OMA (AFTER 1st OUTER LOOP),,,,,,
2026-08-12 00:00:00,Jo Global,815343,422112.43294742,0.518,OMA (AFTER 1st OUTER LOOP),,,,,,
2026-08-12 00:00:00,surface pressure,108925,16474.442241393765,0.151,OMA (AFTER 1st OUTER LOOP),,,,,,
2026-08-12 00:00:00,temperature,106130,37774.55645889481,0.356,OMA (AFTER 1st OUTER LOOP),,,,,,
2026-08-12 00:00:00,wind,305320,119159.8042556758,0.39,OMA (AFTER 1st OUTER LOOP),,,,,,
2026-08-12 00:00:00,moisture,48588,5042.303023096949,0.104,OMA (1st INNER LOOP),,,,,,
2026-08-12 00:00:00,gps,246380,243661.32696835868,0.989,OMA (1st INNER LOOP),,,,,,
2026-08-12 00:00:00,Jo Global,815343,422112.43294742,0.518,OMA (1st INNER LOOP),,,,,,
2026-08-12 00:00:00,surface pressure,108925,15948.529014174645,0.146,OMA (1st INNER LOOP),,,,,,
2026-08-12 00:00:00,temperature,106130,38782.14533573779,0.365,OMA (1st INNER LOOP),,,,,,
2026-08-12 00:00:00,wind,305320,119577.21411213497,0.392,OMA (1st INNER LOOP),,,,,,
2026-08-12 00:00:00,moisture,48588,4902.101164457465,0.101,OMA (1st INNER LOOP),,,,,,
2026-08-12 00:00:00,gps,246380,232832.41974858526,0.945,OMA (2nd INNER LOOP),,,,,,
2026-08-12 00:00:00,Jo Global,815343,412042.40937509015,0.505,OMA (2nd INNER LOOP),,,,,,
2026-08-12 00:00:00,surface pressure,108924,15807.75282436212,0.145,OMA (2nd INNER LOOP),,,,,,
2026-08-12 00:00:00,temperature,106129,38744.14765736706,0.365,OMA (2nd INNER LOOP),,,,,,
2026-08-12 00:00:00,wind,305326,119368.68995446703,0.391,OMA (2nd INNER LOOP),,,,,,
2026-08-12 00:00:00,moisture,48588,4912.565990069577,0.101,OMA (2nd INNER LOOP),,,,,,
2026-08-12 00:00:00,gps,247562,236512.5898823376,0.955,OMA (2nd INNER LOOP),,,,,,
2026-08-12 00:00:00,Jo Global,816529,415345.7463086034,0.509,OMA (AFTER 2nd OUTER LOOP),,,,,,
